item,itemLabel,idwlm,localLabel,municipioLabel,fonte,cat,cats,button,tipos,classes
http://www.wikidata.org/entity/Q9617529,Antigo Palace-Garage Hotel,DGPC-3720936,Albergaria-a-Velha e Valmaior,Albergaria-a-Velha,[http://www.patrimoniocultural.gov.pt/pt/patrimonio/patrimonio-imovel/pesquisa-do-patrimonio/classificado-ou-em-vias-de-classificacao/geral/view/3720936 DGPC],Antigo Palace-Garage Hotel,Images from Wiki Loves Monuments 2022 in Portugal - Aveiro|Antigo Palace-Garage Hotel,[[Imagem:Camera-photo_Upload.svg|x60px|sub|alt=Carregar foto|link=https://commons.wikimedia.org/wiki/special:uploadWizard?campaign=wlm-pt&id=Q9617529&descriptionlang=pt&description=Antigo%20Palace-Garage%20Hotel%20-%20antigo%20hotel%20em%20Albergaria-a-Velha%2C%20Portugal&categories=Images%20from%20Wiki%20Loves%20Monuments%202022%20in%20Portugal%20-%20Aveiro%7CAntigo%20Palace-Garage%20Hotel]],"hotel, garagem",sem protecção legal
http://www.wikidata.org/entity/Q96639916,CTT de Albergaria-a-Velha,DGPC-10949547,Albergaria-a-Velha e Valmaior,Albergaria-a-Velha,[http://www.patrimoniocultural.gov.pt/pt/patrimonio/patrimonio-imovel/pesquisa-do-patrimonio/classificado-ou-em-vias-de-classificacao/geral/view/10949547 DGPC]<br>[http://www.monumentos.gov.pt/Site/APP_PagesUser/SIPA.aspx?id=21164 SIPA],,Images from Wiki Loves Monuments 2022 in Portugal - Aveiro,[[Imagem:Camera-photo_Upload.svg|x60px|sub|alt=Carregar foto|link=https://commons.wikimedia.org/wiki/special:uploadWizard?campaign=wlm-pt&id=Q96639916&descriptionlang=pt&description=CTT%20de%20Albergaria-a-Velha%20-%20Albergaria-a-Velha%20-%20Portugal%20-%20-&categories=Images%20from%20Wiki%20Loves%20Monuments%202022%20in%20Portugal%20-%20Aveiro]],posto de correio,sem protecção legal
http://www.wikidata.org/entity/Q94970844,Casa de Santa Cruz,DGPC-25721219,Albergaria-a-Velha e Valmaior,Albergaria-a-Velha,[http://www.patrimoniocultural.gov.pt/pt/patrimonio/patrimonio-imovel/pesquisa-do-patrimonio/classificado-ou-em-vias-de-classificacao/geral/view/25721219 DGPC],,Images from Wiki Loves Monuments 2022 in Portugal - Aveiro,[[Imagem:Camera-photo_Upload.svg|x60px|sub|alt=Carregar foto|link=https://commons.wikimedia.org/wiki/special:uploadWizard?campaign=wlm-pt&id=Q94970844&descriptionlang=pt&description=Casa%20de%20Santa%20Cruz%20-%20Albergaria-a-Velha%20-%20Portugal%20-%20-&categories=Images%20from%20Wiki%20Loves%20Monuments%202022%20in%20Portugal%20-%20Aveiro]],casa,Em estudo
http://www.wikidata.org/entity/Q17390038,Casa de Santo António,DGPC-72098,Albergaria-a-Velha e Valmaior,Albergaria-a-Velha,[http://www.patrimoniocultural.gov.pt/pt/patrimonio/patrimonio-imovel/pesquisa-do-patrimonio/classificado-ou-em-vias-de-classificacao/geral/view/72098 DGPC]<br>[http://www.monumentos.gov.pt/Site/APP_PagesUser/SIPA.aspx?id=661 SIPA],Casa de Santo António (Albergaria-a-Velha),Images from Wiki Loves Monuments 2022 in Portugal - Aveiro|Casa de Santo António (Albergaria-a-Velha),[[Imagem:Camera-photo_Upload.svg|x60px|sub|alt=Carregar foto|link=https://commons.wikimedia.org/wiki/special:uploadWizard?campaign=wlm-pt&id=Q17390038&descriptionlang=pt&description=Casa%20de%20Santo%20Ant%C3%B3nio%20-%20edif%C3%ADcio%20em%20Albergaria-a-Velha%2C%20Portugal&categories=Images%20from%20Wiki%20Loves%20Monuments%202022%20in%20Portugal%20-%20Aveiro%7CCasa%20de%20Santo%20Ant%C3%B3nio%20%28Albergaria-a-Velha%29]],casa,Monumento de Interesse Público
http://www.wikidata.org/entity/Q10323463,Mamoa de Açôres,DGPC-73814,Albergaria-a-Velha e Valmaior,Albergaria-a-Velha,[http://www.patrimoniocultural.gov.pt/pt/patrimonio/patrimonio-imovel/pesquisa-do-patrimonio/classificado-ou-em-vias-de-classificacao/geral/view/73814 DGPC]<br>[http://www.monumentos.gov.pt/Site/APP_PagesUser/SIPA.aspx?id=776 SIPA],,Images from Wiki Loves Monuments 2022 in Portugal - Aveiro,[[Imagem:Camera-photo_Upload.svg|x60px|sub|alt=Carregar foto|link=https://commons.wikimedia.org/wiki/special:uploadWizard?campaign=wlm-pt&id=Q10323463&descriptionlang=pt&description=Mamoa%20de%20A%C3%A7%C3%B4res%20-%20monumento%20megal%C3%ADtico%20em%20Valmaior%2C%20Portugal&categories=Images%20from%20Wiki%20Loves%20Monuments%202022%20in%20Portugal%20-%20Aveiro]],mamoa,Imóvel de Interesse Público
http://www.wikidata.org/entity/Q10348057,Pelourinho de Angeja,DGPC-73766,Angeja,Albergaria-a-Velha,[http://www.patrimoniocultural.gov.pt/pt/patrimonio/patrimonio-imovel/pesquisa-do-patrimonio/classificado-ou-em-vias-de-classificacao/geral/view/73766 DGPC]<br>[http://www.monumentos.gov.pt/Site/APP_PagesUser/SIPA.aspx?id=220 SIPA],Pelourinho de Angeja,Images from Wiki Loves Monuments 2022 in Portugal - Aveiro|Pelourinho de Angeja,[[Imagem:Camera-photo_Upload.svg|x60px|sub|alt=Carregar foto|link=https://commons.wikimedia.org/wiki/special:uploadWizard?campaign=wlm-pt&id=Q10348057&descriptionlang=pt&description=Pelourinho%20de%20Angeja%20-%20pelourinho%20em%20Angeja%2C%20munic%C3%ADpio%20de%20Albergaria-a-Velha%2C%20Portugal&categories=Images%20from%20Wiki%20Loves%20Monuments%202022%20in%20Portugal%20-%20Aveiro%7CPelourinho%20de%20Angeja]],pelourinho,Imóvel de Interesse Público
http://www.wikidata.org/entity/Q97362079,Calçada das Relvas,DGPC-18995019,Branca,Albergaria-a-Velha,[http://www.patrimoniocultural.gov.pt/pt/patrimonio/patrimonio-imovel/pesquisa-do-patrimonio/classificado-ou-em-vias-de-classificacao/geral/view/18995019 DGPC],,Images from Wiki Loves Monuments 2022 in Portugal - Aveiro,[[Imagem:Camera-photo_Upload.svg|x60px|sub|alt=Carregar foto|link=https://commons.wikimedia.org/wiki/special:uploadWizard?campaign=wlm-pt&id=Q97362079&descriptionlang=pt&description=Cal%C3%A7ada%20das%20Relvas%20-%20Albergaria-a-Velha%2C%20Portugal&categories=Images%20from%20Wiki%20Loves%20Monuments%202022%20in%20Portugal%20-%20Aveiro]],passeio,sem protecção legal
http://www.wikidata.org/entity/Q97031915,Casa dos Bicos,DGPC-18994920,Branca,Albergaria-a-Velha,[http://www.patrimoniocultural.gov.pt/pt/patrimonio/patrimonio-imovel/pesquisa-do-patrimonio/classificado-ou-em-vias-de-classificacao/geral/view/18994920 DGPC],,Images from Wiki Loves Monuments 2022 in Portugal - Aveiro,[[Imagem:Camera-photo_Upload.svg|x60px|sub|alt=Carregar foto|link=https://commons.wikimedia.org/wiki/special:uploadWizard?campaign=wlm-pt&id=Q97031915&descriptionlang=pt&description=Casa%20dos%20Bicos%20-%20Albergaria-a-Velha%20-%20Portugal%20-%20-&categories=Images%20from%20Wiki%20Loves%20Monuments%202022%20in%20Portugal%20-%20Aveiro]],casa,sem protecção legal
http://www.wikidata.org/entity/Q97362080,Quinta das Cavadas,DGPC-18994655,Branca,Albergaria-a-Velha,[http://www.patrimoniocultural.gov.pt/pt/patrimonio/patrimonio-imovel/pesquisa-do-patrimonio/classificado-ou-em-vias-de-classificacao/geral/view/18994655 DGPC],,Images from Wiki Loves Monuments 2022 in Portugal - Aveiro,[[Imagem:Camera-photo_Upload.svg|x60px|sub|alt=Carregar foto|link=https://commons.wikimedia.org/wiki/special:uploadWizard?campaign=wlm-pt&id=Q97362080&descriptionlang=pt&description=Quinta%20das%20Cavadas%20-%20Albergaria-a-Velha%20-%20Portugal%20-%20-&categories=Images%20from%20Wiki%20Loves%20Monuments%202022%20in%20Portugal%20-%20Aveiro]],quinta,sem protecção legal
http://www.wikidata.org/entity/Q97068735,Lagar de azeite no Barro Negro,DGPC-22171284,Ribeira de Fráguas,Albergaria-a-Velha,[http://www.patrimoniocultural.gov.pt/pt/patrimonio/patrimonio-imovel/pesquisa-do-patrimonio/classificado-ou-em-vias-de-classificacao/geral/view/22171284 DGPC],,Images from Wiki Loves Monuments 2022 in Portugal - Aveiro,[[Imagem:Camera-photo_Upload.svg|x60px|sub|alt=Carregar foto|link=https://commons.wikimedia.org/wiki/special:uploadWizard?campaign=wlm-pt&id=Q97068735&descriptionlang=pt&description=Lagar%20de%20azeite%20no%20Barro%20Negro%20-%20Albergaria-a-Velha%20-%20Portugal%20-%20-&categories=Images%20from%20Wiki%20Loves%20Monuments%202022%20in%20Portugal%20-%20Aveiro]],lagar de azeite,sem protecção legal
http://www.wikidata.org/entity/Q97084327,Mamoa do Castro,DGPC-21167060,Ribeira de Fráguas,Albergaria-a-Velha,[http://www.patrimoniocultural.gov.pt/pt/patrimonio/patrimonio-imovel/pesquisa-do-patrimonio/classificado-ou-em-vias-de-classificacao/geral/view/21167060 DGPC],,Images from Wiki Loves Monuments 2022 in Portugal - Aveiro,[[Imagem:Camera-photo_Upload.svg|x60px|sub|alt=Carregar foto|link=https://commons.wikimedia.org/wiki/special:uploadWizard?campaign=wlm-pt&id=Q97084327&descriptionlang=pt&description=Mamoa%20do%20Castro%20-%20Albergaria-a-Velha%20-%20Portugal%20-%20-&categories=Images%20from%20Wiki%20Loves%20Monuments%202022%20in%20Portugal%20-%20Aveiro]],"dólmen, mamoa",sem protecção legal
http://www.wikidata.org/entity/Q96359295,Ponte em Barro Negro,DGPC-22171356,Ribeira de Fráguas,Albergaria-a-Velha,[http://www.patrimoniocultural.gov.pt/pt/patrimonio/patrimonio-imovel/pesquisa-do-patrimonio/classificado-ou-em-vias-de-classificacao/geral/view/22171356 DGPC],,Images from Wiki Loves Monuments 2022 in Portugal - Aveiro,[[Imagem:Camera-photo_Upload.svg|x60px|sub|alt=Carregar foto|link=https://commons.wikimedia.org/wiki/special:uploadWizard?campaign=wlm-pt&id=Q96359295&descriptionlang=pt&description=Ponte%20em%20Barro%20Negro%20-%20ponte%20em%20Albergaria-a-Velha%20Portugal&categories=Images%20from%20Wiki%20Loves%20Monuments%202022%20in%20Portugal%20-%20Aveiro]],ponte,sem protecção legal
http://www.wikidata.org/entity/Q10348115,Pelourinho de Frossos,DGPC-73443,São João de Loure e Frossos,Albergaria-a-Velha,[http://www.patrimoniocultural.gov.pt/pt/patrimonio/patrimonio-imovel/pesquisa-do-patrimonio/classificado-ou-em-vias-de-classificacao/geral/view/73443 DGPC]<br>[http://www.monumentos.gov.pt/Site/APP_PagesUser/SIPA.aspx?id=651 SIPA],,Images from Wiki Loves Monuments 2022 in Portugal - Aveiro,[[Imagem:Camera-photo_Upload.svg|x60px|sub|alt=Carregar foto|link=https://commons.wikimedia.org/wiki/special:uploadWizard?campaign=wlm-pt&id=Q10348115&descriptionlang=pt&description=Pelourinho%20de%20Frossos%20-%20pelourinho%20em%20Albergaria-a-Velha%2C%20Portugal&categories=Images%20from%20Wiki%20Loves%20Monuments%202022%20in%20Portugal%20-%20Aveiro]],pelourinho,Imóvel de Interesse Público
http://www.wikidata.org/entity/Q98942407,Vila Francelina,DGPC-14057879,São João de Loure e Frossos,Albergaria-a-Velha,[http://www.patrimoniocultural.gov.pt/pt/patrimonio/patrimonio-imovel/pesquisa-do-patrimonio/classificado-ou-em-vias-de-classificacao/geral/view/14057879 DGPC]<br>[http://www.monumentos.gov.pt/Site/APP_PagesUser/SIPA.aspx?id=33750 SIPA],,Images from Wiki Loves Monuments 2022 in Portugal - Aveiro,[[Imagem:Camera-photo_Upload.svg|x60px|sub|alt=Carregar foto|link=https://commons.wikimedia.org/wiki/special:uploadWizard?campaign=wlm-pt&id=Q98942407&descriptionlang=pt&description=Vila%20Francelina%20-%20Albergaria-a-Velha%20-%20Portugal%20-%20-&categories=Images%20from%20Wiki%20Loves%20Monuments%202022%20in%20Portugal%20-%20Aveiro]],villa,Monumento de Interesse Municipal
http://www.wikidata.org/entity/Q98444762,Árvore isolada em Côja,ICNF-KNJ1/251,São João de Loure e Frossos,Albergaria-a-Velha,,,Images from Wiki Loves Monuments 2022 in Portugal - Aveiro,[[Imagem:Camera-photo_Upload.svg|x60px|sub|alt=Carregar foto|link=https://commons.wikimedia.org/wiki/special:uploadWizard?campaign=wlm-pt&id=Q98444762&descriptionlang=pt&description=%C3%81rvore%20isolada%20em%20C%C3%B4ja%20-%20pl%C3%A1tano%20em%20C%C3%B4ja&categories=Images%20from%20Wiki%20Loves%20Monuments%202022%20in%20Portugal%20-%20Aveiro]],Árvore de Interesse Público,
http://www.wikidata.org/entity/Q98444763,Árvore isolada em Côja,ICNF-KNJ1/250,São João de Loure e Frossos,Albergaria-a-Velha,,,Images from Wiki Loves Monuments 2022 in Portugal - Aveiro,[[Imagem:Camera-photo_Upload.svg|x60px|sub|alt=Carregar foto|link=https://commons.wikimedia.org/wiki/special:uploadWizard?campaign=wlm-pt&id=Q98444763&descriptionlang=pt&description=%C3%81rvore%20isolada%20em%20C%C3%B4ja%20-%20pl%C3%A1tano%20em%20C%C3%B4ja&categories=Images%20from%20Wiki%20Loves%20Monuments%202022%20in%20Portugal%20-%20Aveiro]],Árvore de Interesse Público,
http://www.wikidata.org/entity/Q96639838,CTT de Anadia,DGPC-10950320,Arcos e Mogofores,Anadia,[http://www.patrimoniocultural.gov.pt/pt/patrimonio/patrimonio-imovel/pesquisa-do-patrimonio/classificado-ou-em-vias-de-classificacao/geral/view/10950320 DGPC]<br>[http://www.monumentos.gov.pt/Site/APP_PagesUser/SIPA.aspx?id=21167 SIPA],,Images from Wiki Loves Monuments 2022 in Portugal - Aveiro,[[Imagem:Camera-photo_Upload.svg|x60px|sub|alt=Carregar foto|link=https://commons.wikimedia.org/wiki/special:uploadWizard?campaign=wlm-pt&id=Q96639838&descriptionlang=pt&description=CTT%20de%20Anadia%20-%20Anadia%20-%20Portugal%20-%20-&categories=Images%20from%20Wiki%20Loves%20Monuments%202022%20in%20Portugal%20-%20Aveiro]],posto de correio,sem protecção legal
http://www.wikidata.org/entity/Q66813007,Capela de Nossa Senhora da Piedade (no interior da Igreja Paroquial de Nossa Senhora da Conceição),DGPC-155601,Arcos e Mogofores,Anadia,[http://www.patrimoniocultural.gov.pt/pt/patrimonio/patrimonio-imovel/pesquisa-do-patrimonio/classificado-ou-em-vias-de-classificacao/geral/view/155601 DGPC]<br>[http://www.monumentos.gov.pt/Site/APP_PagesUser/SIPA.aspx?id=887 SIPA],,Images from Wiki Loves Monuments 2022 in Portugal - Aveiro,[[Imagem:Camera-photo_Upload.svg|x60px|sub|alt=Carregar foto|link=https://commons.wikimedia.org/wiki/special:uploadWizard?campaign=wlm-pt&id=Q66813007&descriptionlang=pt&description=Capela%20de%20Nossa%20Senhora%20da%20Piedade%20%28no%20interior%20da%20Igreja%20Paroquial%20de%20Nossa%20Senhora%20da%20Concei%C3%A7%C3%A3o%29%20-%20capela%20em%20Anadia%2C%20Portugal&categories=Images%20from%20Wiki%20Loves%20Monuments%202022%20in%20Portugal%20-%20Aveiro]],capela,Monumento de Interesse Público
http://www.wikidata.org/entity/Q66813004,Palácio da Graciosa,DGPC-72976,Arcos e Mogofores,Anadia,[http://www.patrimoniocultural.gov.pt/pt/patrimonio/patrimonio-imovel/pesquisa-do-patrimonio/classificado-ou-em-vias-de-classificacao/geral/view/72976 DGPC]<br>[http://www.monumentos.gov.pt/Site/APP_PagesUser/SIPA.aspx?id=785 SIPA],,Images from Wiki Loves Monuments 2022 in Portugal - Aveiro,[[Imagem:Camera-photo_Upload.svg|x60px|sub|alt=Carregar foto|link=https://commons.wikimedia.org/wiki/special:uploadWizard?campaign=wlm-pt&id=Q66813004&descriptionlang=pt&description=Pal%C3%A1cio%20da%20Graciosa%20-%20solar%20em%20Anadia%2C%20Portugal&categories=Images%20from%20Wiki%20Loves%20Monuments%202022%20in%20Portugal%20-%20Aveiro]],solar,Imóvel de Interesse Público
http://www.wikidata.org/entity/Q10343945,Palácio dos Condes de Foz de Arouce,DGPC-19247380,Arcos e Mogofores,Anadia,[http://www.patrimoniocultural.gov.pt/pt/patrimonio/patrimonio-imovel/pesquisa-do-patrimonio/classificado-ou-em-vias-de-classificacao/geral/view/19247380 DGPC]<br>[http://www.monumentos.gov.pt/Site/APP_PagesUser/SIPA.aspx?id=19793 SIPA],,Images from Wiki Loves Monuments 2022 in Portugal - Aveiro,[[Imagem:Camera-photo_Upload.svg|x60px|sub|alt=Carregar foto|link=https://commons.wikimedia.org/wiki/special:uploadWizard?campaign=wlm-pt&id=Q10343945&descriptionlang=pt&description=Pal%C3%A1cio%20dos%20Condes%20de%20Foz%20de%20Arouce%20-%20solar%20em%20Anadia%2C%20Portugal&categories=Images%20from%20Wiki%20Loves%20Monuments%202022%20in%20Portugal%20-%20Aveiro]],solar,Em vias de classificação
http://www.wikidata.org/entity/Q66813003,Capela de Nossa Senhora das Neves e Fontanário,DGPC-72168,Avelãs de Cima,Anadia,[http://www.patrimoniocultural.gov.pt/pt/patrimonio/patrimonio-imovel/pesquisa-do-patrimonio/classificado-ou-em-vias-de-classificacao/geral/view/72168 DGPC]<br>[http://www.monumentos.gov.pt/Site/APP_PagesUser/SIPA.aspx?id=259 SIPA],,Images from Wiki Loves Monuments 2022 in Portugal - Aveiro,[[Imagem:Camera-photo_Upload.svg|x60px|sub|alt=Carregar foto|link=https://commons.wikimedia.org/wiki/special:uploadWizard?campaign=wlm-pt&id=Q66813003&descriptionlang=pt&description=Capela%20de%20Nossa%20Senhora%20das%20Neves%20e%20Fontan%C3%A1rio%20-%20capela%20em%20Anadia%2C%20Portugal&categories=Images%20from%20Wiki%20Loves%20Monuments%202022%20in%20Portugal%20-%20Aveiro]],"conjunto urbano, capela",Imóvel de Interesse Público
http://www.wikidata.org/entity/Q66813002,Casa de António Seabra,DGPC-71084,Sangalhos,Anadia,[http://www.patrimoniocultural.gov.pt/pt/patrimonio/patrimonio-imovel/pesquisa-do-patrimonio/classificado-ou-em-vias-de-classificacao/geral/view/71084 DGPC]<br>[http://www.monumentos.gov.pt/Site/APP_PagesUser/SIPA.aspx?id=3975 SIPA],,Images from Wiki Loves Monuments 2022 in Portugal - Aveiro,[[Imagem:Camera-photo_Upload.svg|x60px|sub|alt=Carregar foto|link=https://commons.wikimedia.org/wiki/special:uploadWizard?campaign=wlm-pt&id=Q66813002&descriptionlang=pt&description=Casa%20de%20Ant%C3%B3nio%20Seabra%20-%20casa%20em%20Anadia%2C%20Portugal&categories=Images%20from%20Wiki%20Loves%20Monuments%202022%20in%20Portugal%20-%20Aveiro]],casa,Imóvel de Interesse Municipal
http://www.wikidata.org/entity/Q66813006,Capela de Nossa Senhora das Lezírias,DGPC-74896,São Lourenço do Bairro,Anadia,[http://www.patrimoniocultural.gov.pt/pt/patrimonio/patrimonio-imovel/pesquisa-do-patrimonio/classificado-ou-em-vias-de-classificacao/geral/view/74896 DGPC]<br>[http://www.monumentos.gov.pt/Site/APP_PagesUser/SIPA.aspx?id=778 SIPA],,Images from Wiki Loves Monuments 2022 in Portugal - Aveiro,[[Imagem:Camera-photo_Upload.svg|x60px|sub|alt=Carregar foto|link=https://commons.wikimedia.org/wiki/special:uploadWizard?campaign=wlm-pt&id=Q66813006&descriptionlang=pt&description=Capela%20de%20Nossa%20Senhora%20das%20Lez%C3%ADrias%20-%20capela%20em%20Anadia%2C%20Portugal&categories=Images%20from%20Wiki%20Loves%20Monuments%202022%20in%20Portugal%20-%20Aveiro]],capela,Imóvel de Interesse Público
http://www.wikidata.org/entity/Q10348201,Pelourinho de São Lourenço do Bairro,DGPC-74895,São Lourenço do Bairro,Anadia,[http://www.patrimoniocultural.gov.pt/pt/patrimonio/patrimonio-imovel/pesquisa-do-patrimonio/classificado-ou-em-vias-de-classificacao/geral/view/74895 DGPC]<br>[http://www.monumentos.gov.pt/Site/APP_PagesUser/SIPA.aspx?id=2386 SIPA],,Images from Wiki Loves Monuments 2022 in Portugal - Aveiro,[[Imagem:Camera-photo_Upload.svg|x60px|sub|alt=Carregar foto|link=https://commons.wikimedia.org/wiki/special:uploadWizard?campaign=wlm-pt&id=Q10348201&descriptionlang=pt&description=Pelourinho%20de%20S%C3%A3o%20Louren%C3%A7o%20do%20Bairro%20-%20pelourinho%20em%20Anadia%2C%20Portugal&categories=Images%20from%20Wiki%20Loves%20Monuments%202022%20in%20Portugal%20-%20Aveiro]],pelourinho,Imóvel de Interesse Público
http://www.wikidata.org/entity/Q66813005,Casa da Quinta do Tanque,DGPC-74434,"Tamengos, Aguim e Óis do Bairro",Anadia,[http://www.patrimoniocultural.gov.pt/pt/patrimonio/patrimonio-imovel/pesquisa-do-patrimonio/classificado-ou-em-vias-de-classificacao/geral/view/74434 DGPC]<br>[http://www.monumentos.gov.pt/Site/APP_PagesUser/SIPA.aspx?id=658 SIPA],,Images from Wiki Loves Monuments 2022 in Portugal - Aveiro,[[Imagem:Camera-photo_Upload.svg|x60px|sub|alt=Carregar foto|link=https://commons.wikimedia.org/wiki/special:uploadWizard?campaign=wlm-pt&id=Q66813005&descriptionlang=pt&description=Casa%20da%20Quinta%20do%20Tanque%20-%20quinta%20em%20Anadia%2C%20Portugal&categories=Images%20from%20Wiki%20Loves%20Monuments%202022%20in%20Portugal%20-%20Aveiro]],quinta,Imóvel de Interesse Público
http://www.wikidata.org/entity/Q10343711,"Conjunto constituído pelo Palace Hotel da Curia, Chalet Navega ou Chalet das Rosas, Capela da Senhora do Livramento, Piscina Paraíso, garagem e jardins envolventes",DGPC-5085388,"Tamengos, Aguim e Óis do Bairro",Anadia,[http://www.patrimoniocultural.gov.pt/pt/patrimonio/patrimonio-imovel/pesquisa-do-patrimonio/classificado-ou-em-vias-de-classificacao/geral/view/5085388 DGPC]<br>[http://www.monumentos.gov.pt/Site/APP_PagesUser/SIPA.aspx?id=19811 SIPA],"Conjunto constituído pelo Palace Hotel da Curia, Chalet Navega ou Chalet das Rosas, Capela da Senhora do Livramento, Piscina Paraíso, garagem e jardins envolventes","Images from Wiki Loves Monuments 2022 in Portugal - Aveiro|Conjunto constituído pelo Palace Hotel da Curia, Chalet Navega ou Chalet das Rosas, Capela da Senhora do Livramento, Piscina Paraíso, garagem e jardins envolventes",[[Imagem:Camera-photo_Upload.svg|x60px|sub|alt=Carregar foto|link=https://commons.wikimedia.org/wiki/special:uploadWizard?campaign=wlm-pt&id=Q10343711&descriptionlang=pt&description=Conjunto%20constitu%C3%ADdo%20pelo%20Palace%20Hotel%20da%20Curia%2C%20Chalet%20Navega%20ou%20Chalet%20das%20Rosas%2C%20Capela%20da%20Senhora%20do%20Livramento%2C%20Piscina%20Para%C3%ADso%2C%20garagem%20e%20jardins%20envolventes%20-%20conjunto%20em%20Anadia%2C%20Portugal&categories=Images%20from%20Wiki%20Loves%20Monuments%202022%20in%20Portugal%20-%20Aveiro%7CConjunto%20constitu%C3%ADdo%20pelo%20Palace%20Hotel%20da%20Curia%2C%20Chalet%20Navega%20ou%20Chalet%20das%20Rosas%2C%20Capela%20da%20Senhora%20do%20Livramento%2C%20Piscina%20Para%C3%ADso%2C%20garagem%20e%20jardins%20envolventes]],conjunto urbano,Conjunto de Interesse Público
http://www.wikidata.org/entity/Q66813009,Paço de Óis,DGPC-327698,"Tamengos, Aguim e Óis do Bairro",Anadia,[http://www.patrimoniocultural.gov.pt/pt/patrimonio/patrimonio-imovel/pesquisa-do-patrimonio/classificado-ou-em-vias-de-classificacao/geral/view/327698 DGPC]<br>[http://www.monumentos.gov.pt/Site/APP_PagesUser/SIPA.aspx?id=6453 SIPA],,Images from Wiki Loves Monuments 2022 in Portugal - Aveiro,[[Imagem:Camera-photo_Upload.svg|x60px|sub|alt=Carregar foto|link=https://commons.wikimedia.org/wiki/special:uploadWizard?campaign=wlm-pt&id=Q66813009&descriptionlang=pt&description=Pa%C3%A7o%20de%20%C3%93is%20-%20pa%C3%A7o%20em%20Anadia%2C%20Portugal&categories=Images%20from%20Wiki%20Loves%20Monuments%202022%20in%20Portugal%20-%20Aveiro]],palácio,Imóvel de Interesse Público
http://www.wikidata.org/entity/Q70874182,Termas da Curia,SIPA-26444,"Tamengos, Aguim e Óis do Bairro",Anadia,[http://www.monumentos.gov.pt/Site/APP_PagesUser/SIPA.aspx?id=26444 SIPA],Termas da Curia,Images from Wiki Loves Monuments 2022 in Portugal - Aveiro|Termas da Curia,[[Imagem:Camera-photo_Upload.svg|x60px|sub|alt=Carregar foto|link=https://commons.wikimedia.org/wiki/special:uploadWizard?campaign=wlm-pt&id=Q70874182&descriptionlang=pt&description=Termas%20da%20Curia%20-%20termas%20localizadas%20na%20Curia&categories=Images%20from%20Wiki%20Loves%20Monuments%202022%20in%20Portugal%20-%20Aveiro%7CTermas%20da%20Curia]],estância termal,Em estudo
http://www.wikidata.org/entity/Q98444785,Árvore isolada em Largo da Capela de Chipar,ICNF-KNJ1/304,Vilarinho do Bairro,Anadia,,,Images from Wiki Loves Monuments 2022 in Portugal - Aveiro,[[Imagem:Camera-photo_Upload.svg|x60px|sub|alt=Carregar foto|link=https://commons.wikimedia.org/wiki/special:uploadWizard?campaign=wlm-pt&id=Q98444785&descriptionlang=pt&description=%C3%81rvore%20isolada%20em%20Largo%20da%20Capela%20de%20Chipar%20-%20sobreiro%20em%20Largo%20da%20Capela%20de%20Chipar&categories=Images%20from%20Wiki%20Loves%20Monuments%202022%20in%20Portugal%20-%20Aveiro]],Árvore de Interesse Público,
http://www.wikidata.org/entity/Q10348209,Pelourinho de Trancoso,DGPC-72373,Alvarenga,Arouca,[http://www.patrimoniocultural.gov.pt/pt/patrimonio/patrimonio-imovel/pesquisa-do-patrimonio/classificado-ou-em-vias-de-classificacao/geral/view/72373 DGPC]<br>[http://www.monumentos.gov.pt/Site/APP_PagesUser/SIPA.aspx?id=226 SIPA],Pelourinho de Trancoso (Arouca),Images from Wiki Loves Monuments 2022 in Portugal - Aveiro|Pelourinho de Trancoso (Arouca),[[Imagem:Camera-photo_Upload.svg|x60px|sub|alt=Carregar foto|link=https://commons.wikimedia.org/wiki/special:uploadWizard?campaign=wlm-pt&id=Q10348209&descriptionlang=pt&description=Pelourinho%20de%20Trancoso%20-%20pelourinho%20em%20Arouca%2C%20Portugal&categories=Images%20from%20Wiki%20Loves%20Monuments%202022%20in%20Portugal%20-%20Aveiro%7CPelourinho%20de%20Trancoso%20%28Arouca%29]],pelourinho,Imóvel de Interesse Público
http://www.wikidata.org/entity/Q66813013,Calvário de Arouca,DGPC-73210,Arouca e Burgo,Arouca,[http://www.patrimoniocultural.gov.pt/pt/patrimonio/patrimonio-imovel/pesquisa-do-patrimonio/classificado-ou-em-vias-de-classificacao/geral/view/73210 DGPC]<br>[http://www.monumentos.gov.pt/Site/APP_PagesUser/SIPA.aspx?id=642 SIPA],Alminhas de Arouca,Images from Wiki Loves Monuments 2022 in Portugal - Aveiro|Alminhas de Arouca,[[Imagem:Camera-photo_Upload.svg|x60px|sub|alt=Carregar foto|link=https://commons.wikimedia.org/wiki/special:uploadWizard?campaign=wlm-pt&id=Q66813013&descriptionlang=pt&description=Calv%C3%A1rio%20de%20Arouca%20-%20conjunto%20em%20Arouca%2C%20Portugal&categories=Images%20from%20Wiki%20Loves%20Monuments%202022%20in%20Portugal%20-%20Aveiro%7CAlminhas%20de%20Arouca]],sacro monte,Imóvel de Interesse Público
http://www.wikidata.org/entity/Q66813014,Capela da Santa Casa da Misericórdia,DGPC-73211,Arouca e Burgo,Arouca,[http://www.patrimoniocultural.gov.pt/pt/patrimonio/patrimonio-imovel/pesquisa-do-patrimonio/classificado-ou-em-vias-de-classificacao/geral/view/73211 DGPC]<br>[http://www.monumentos.gov.pt/Site/APP_PagesUser/SIPA.aspx?id=874 SIPA],Capela da Santa Casa da Misericórdia de Arouca,Images from Wiki Loves Monuments 2022 in Portugal - Aveiro|Capela da Santa Casa da Misericórdia de Arouca,[[Imagem:Camera-photo_Upload.svg|x60px|sub|alt=Carregar foto|link=https://commons.wikimedia.org/wiki/special:uploadWizard?campaign=wlm-pt&id=Q66813014&descriptionlang=pt&description=Capela%20da%20Santa%20Casa%20da%20Miseric%C3%B3rdia%20-%20capela%20em%20Arouca%2C%20Portugal&categories=Images%20from%20Wiki%20Loves%20Monuments%202022%20in%20Portugal%20-%20Aveiro%7CCapela%20da%20Santa%20Casa%20da%20Miseric%C3%B3rdia%20de%20Arouca]],capela,"Incluído em sítio classificado, Imóvel de Interesse Público"
http://www.wikidata.org/entity/Q98831583,Casa Grande ou Casa dos Malafaias,DGPC-15702181,Arouca e Burgo,Arouca,[http://www.patrimoniocultural.gov.pt/pt/patrimonio/patrimonio-imovel/pesquisa-do-patrimonio/classificado-ou-em-vias-de-classificacao/geral/view/15702181 DGPC]<br>[http://www.monumentos.gov.pt/Site/APP_PagesUser/SIPA.aspx?id=33768 SIPA],Casa Grande ou Casa dos Malafaias,Images from Wiki Loves Monuments 2022 in Portugal - Aveiro|Casa Grande ou Casa dos Malafaias,[[Imagem:Camera-photo_Upload.svg|x60px|sub|alt=Carregar foto|link=https://commons.wikimedia.org/wiki/special:uploadWizard?campaign=wlm-pt&id=Q98831583&descriptionlang=pt&description=Casa%20Grande%20ou%20Casa%20dos%20Malafaias%20-%20Arouca%20-%20Portugal%20-%20-&categories=Images%20from%20Wiki%20Loves%20Monuments%202022%20in%20Portugal%20-%20Aveiro%7CCasa%20Grande%20ou%20Casa%20dos%20Malafaias]],casa,Monumento de Interesse Municipal
http://www.wikidata.org/entity/Q97098026,Chafariz da Praça Brandão de Vasconcelos,DGPC-16726936,Arouca e Burgo,Arouca,[http://www.patrimoniocultural.gov.pt/pt/patrimonio/patrimonio-imovel/pesquisa-do-patrimonio/classificado-ou-em-vias-de-classificacao/geral/view/16726936 DGPC],Chafariz da Praça Brandão de Vasconcelos,Images from Wiki Loves Monuments 2022 in Portugal - Aveiro|Chafariz da Praça Brandão de Vasconcelos,[[Imagem:Camera-photo_Upload.svg|x60px|sub|alt=Carregar foto|link=https://commons.wikimedia.org/wiki/special:uploadWizard?campaign=wlm-pt&id=Q97098026&descriptionlang=pt&description=Chafariz%20da%20Pra%C3%A7a%20Brand%C3%A3o%20de%20Vasconcelos%20-%20Arouca%20-%20Portugal%20-%20-&categories=Images%20from%20Wiki%20Loves%20Monuments%202022%20in%20Portugal%20-%20Aveiro%7CChafariz%20da%20Pra%C3%A7a%20Brand%C3%A3o%20de%20Vasconcelos]],fontanário,sem protecção legal
http://www.wikidata.org/entity/Q97098028,"Conjunto urbano da Praça Brandão de Vasconcelos, chafariz e edificado envolvente",DGPC-16310582,Arouca e Burgo,Arouca,[http://www.patrimoniocultural.gov.pt/pt/patrimonio/patrimonio-imovel/pesquisa-do-patrimonio/classificado-ou-em-vias-de-classificacao/geral/view/16310582 DGPC],"Conjunto urbano da Praça Brandão de Vasconcelos, chafariz e edificado envolvente","Images from Wiki Loves Monuments 2022 in Portugal - Aveiro|Conjunto urbano da Praça Brandão de Vasconcelos, chafariz e edificado envolvente",[[Imagem:Camera-photo_Upload.svg|x60px|sub|alt=Carregar foto|link=https://commons.wikimedia.org/wiki/special:uploadWizard?campaign=wlm-pt&id=Q97098028&descriptionlang=pt&description=Conjunto%20urbano%20da%20Pra%C3%A7a%20Brand%C3%A3o%20de%20Vasconcelos%2C%20chafariz%20e%20edificado%20envolvente%20-%20Arouca%20-%20Portugal%20-%20-&categories=Images%20from%20Wiki%20Loves%20Monuments%202022%20in%20Portugal%20-%20Aveiro%7CConjunto%20urbano%20da%20Pra%C3%A7a%20Brand%C3%A3o%20de%20Vasconcelos%2C%20chafariz%20e%20edificado%20envolvente]],conjunto urbano,sem protecção legal
http://www.wikidata.org/entity/Q72399654,Câmara Municipal de Arouca,SIPA-6687,Arouca e Burgo,Arouca,[http://www.monumentos.gov.pt/Site/APP_PagesUser/SIPA.aspx?id=6687 SIPA],Câmara Municipal de Arouca,Images from Wiki Loves Monuments 2022 in Portugal - Aveiro|Câmara Municipal de Arouca,[[Imagem:Camera-photo_Upload.svg|x60px|sub|alt=Carregar foto|link=https://commons.wikimedia.org/wiki/special:uploadWizard?campaign=wlm-pt&id=Q72399654&descriptionlang=pt&description=C%C3%A2mara%20Municipal%20de%20Arouca%20-%20sede%20do%20Munic%C3%ADpio%20de%20Arouca&categories=Images%20from%20Wiki%20Loves%20Monuments%202022%20in%20Portugal%20-%20Aveiro%7CC%C3%A2mara%20Municipal%20de%20Arouca]],câmara municipal,Incluído em sítio classificado
http://www.wikidata.org/entity/Q110160708,Hospedarias do Mosteiro de Arouca,SIPA-6688,Arouca e Burgo,Arouca,[http://www.monumentos.gov.pt/Site/APP_PagesUser/SIPA.aspx?id=6688 SIPA],,Images from Wiki Loves Monuments 2022 in Portugal - Aveiro,[[Imagem:Camera-photo_Upload.svg|x60px|sub|alt=Carregar foto|link=https://commons.wikimedia.org/wiki/special:uploadWizard?campaign=wlm-pt&id=Q110160708&descriptionlang=pt&description=Hospedarias%20do%20Mosteiro%20de%20Arouca&categories=Images%20from%20Wiki%20Loves%20Monuments%202022%20in%20Portugal%20-%20Aveiro]],hospedaria,Incluído em sítio classificado
http://www.wikidata.org/entity/Q6898313,Mosteiro de Arouca,DGPC-70519,Arouca e Burgo,Arouca,[http://www.patrimoniocultural.gov.pt/pt/patrimonio/patrimonio-imovel/pesquisa-do-patrimonio/classificado-ou-em-vias-de-classificacao/geral/view/70519 DGPC]<br>[http://www.monumentos.gov.pt/Site/APP_PagesUser/SIPA.aspx?id=1039 SIPA],Mosteiro de Arouca,Images from Wiki Loves Monuments 2022 in Portugal - Aveiro|Mosteiro de Arouca,[[Imagem:Camera-photo_Upload.svg|x60px|sub|alt=Carregar foto|link=https://commons.wikimedia.org/wiki/special:uploadWizard?campaign=wlm-pt&id=Q6898313&descriptionlang=pt&description=Mosteiro%20de%20Arouca%20-%20antigo%20mosteiro%20em%20Arouca%2C%20Portugal&categories=Images%20from%20Wiki%20Loves%20Monuments%202022%20in%20Portugal%20-%20Aveiro%7CMosteiro%20de%20Arouca]],mosteiro cisterciense,Monumento Nacional
http://www.wikidata.org/entity/Q10348062,Pelourinho de Arouca,DGPC-73212,Arouca e Burgo,Arouca,[http://www.patrimoniocultural.gov.pt/pt/patrimonio/patrimonio-imovel/pesquisa-do-patrimonio/classificado-ou-em-vias-de-classificacao/geral/view/73212 DGPC]<br>[http://www.monumentos.gov.pt/Site/APP_PagesUser/SIPA.aspx?id=5614 SIPA],Pelourinho de Arouca,Images from Wiki Loves Monuments 2022 in Portugal - Aveiro|Pelourinho de Arouca,[[Imagem:Camera-photo_Upload.svg|x60px|sub|alt=Carregar foto|link=https://commons.wikimedia.org/wiki/special:uploadWizard?campaign=wlm-pt&id=Q10348062&descriptionlang=pt&description=Pelourinho%20de%20Arouca%20-%20pelourinho%20em%20Arouca%2C%20Portugal&categories=Images%20from%20Wiki%20Loves%20Monuments%202022%20in%20Portugal%20-%20Aveiro%7CPelourinho%20de%20Arouca]],pelourinho,"Incluído em sítio classificado, Imóvel de Interesse Público"
http://www.wikidata.org/entity/Q10348239,Pelourinho do Burgo,DGPC-73085,Arouca e Burgo,Arouca,[http://www.patrimoniocultural.gov.pt/pt/patrimonio/patrimonio-imovel/pesquisa-do-patrimonio/classificado-ou-em-vias-de-classificacao/geral/view/73085 DGPC]<br>[http://www.monumentos.gov.pt/Site/APP_PagesUser/SIPA.aspx?id=2387 SIPA],Pelourinho do Burgo,Images from Wiki Loves Monuments 2022 in Portugal - Aveiro|Pelourinho do Burgo,[[Imagem:Camera-photo_Upload.svg|x60px|sub|alt=Carregar foto|link=https://commons.wikimedia.org/wiki/special:uploadWizard?campaign=wlm-pt&id=Q10348239&descriptionlang=pt&description=Pelourinho%20do%20Burgo%20-%20pelourinho%20em%20Arouca%2C%20Portugal&categories=Images%20from%20Wiki%20Loves%20Monuments%202022%20in%20Portugal%20-%20Aveiro%7CPelourinho%20do%20Burgo]],pelourinho,Imóvel de Interesse Público
http://www.wikidata.org/entity/Q105855946,Torre Medieval,SIPA-644,Arouca e Burgo,Arouca,[http://www.monumentos.gov.pt/Site/APP_PagesUser/SIPA.aspx?id=644 SIPA],,Images from Wiki Loves Monuments 2022 in Portugal - Aveiro,[[Imagem:Camera-photo_Upload.svg|x60px|sub|alt=Carregar foto|link=https://commons.wikimedia.org/wiki/special:uploadWizard?campaign=wlm-pt&id=Q105855946&descriptionlang=pt&description=Torre%20Medieval&categories=Images%20from%20Wiki%20Loves%20Monuments%202022%20in%20Portugal%20-%20Aveiro]],torre medieval,Em estudo
http://www.wikidata.org/entity/Q98444313,Árvore isolada em Calvário,ICNF-KNJ1/561,Arouca e Burgo,Arouca,,,Images from Wiki Loves Monuments 2022 in Portugal - Aveiro,[[Imagem:Camera-photo_Upload.svg|x60px|sub|alt=Carregar foto|link=https://commons.wikimedia.org/wiki/special:uploadWizard?campaign=wlm-pt&id=Q98444313&descriptionlang=pt&description=%C3%81rvore%20isolada%20em%20Calv%C3%A1rio%20-%20sobreiro%20em%20Calv%C3%A1rio&categories=Images%20from%20Wiki%20Loves%20Monuments%202022%20in%20Portugal%20-%20Aveiro]],Árvore de Interesse Público,
http://www.wikidata.org/entity/Q29553372,Drave,DGPC-72795,Covelo de Paivó e Janarde,Arouca,[http://www.patrimoniocultural.gov.pt/pt/patrimonio/patrimonio-imovel/pesquisa-do-patrimonio/classificado-ou-em-vias-de-classificacao/geral/view/72795 DGPC]<br>[http://www.monumentos.gov.pt/Site/APP_PagesUser/SIPA.aspx?id=5854 SIPA],Drave,Images from Wiki Loves Monuments 2022 in Portugal - Aveiro|Drave,[[Imagem:Camera-photo_Upload.svg|x60px|sub|alt=Carregar foto|link=https://commons.wikimedia.org/wiki/special:uploadWizard?campaign=wlm-pt&id=Q29553372&descriptionlang=pt&description=Drave%20-%20aldeia%20em%20Arouca%2C%20Portugal&categories=Images%20from%20Wiki%20Loves%20Monuments%202022%20in%20Portugal%20-%20Aveiro%7CDrave]],aldeia,sem protecção legal
http://www.wikidata.org/entity/Q66813011,Dólmen da Aliviada ou Mamoa 1 de Aliviada,DGPC-70447,Escariz,Arouca,[http://www.patrimoniocultural.gov.pt/pt/patrimonio/patrimonio-imovel/pesquisa-do-patrimonio/classificado-ou-em-vias-de-classificacao/geral/view/70447 DGPC]<br>[http://www.monumentos.gov.pt/Site/APP_PagesUser/SIPA.aspx?id=223 SIPA],Dólmen da Aliviada ou Mamoa 1 de Aliviada,Images from Wiki Loves Monuments 2022 in Portugal - Aveiro|Dólmen da Aliviada ou Mamoa 1 de Aliviada,[[Imagem:Camera-photo_Upload.svg|x60px|sub|alt=Carregar foto|link=https://commons.wikimedia.org/wiki/special:uploadWizard?campaign=wlm-pt&id=Q66813011&descriptionlang=pt&description=D%C3%B3lmen%20da%20Aliviada%20ou%20Mamoa%201%20de%20Aliviada%20-%20dolmen%20em%20Arouca%2C%20Portugal&categories=Images%20from%20Wiki%20Loves%20Monuments%202022%20in%20Portugal%20-%20Aveiro%7CD%C3%B3lmen%20da%20Aliviada%20ou%20Mamoa%201%20de%20Aliviada]],dólmen,Monumento Nacional
http://www.wikidata.org/entity/Q10348081,Pelourinho de Cabeçais,DGPC-74241,Fermedo,Arouca,[http://www.patrimoniocultural.gov.pt/pt/patrimonio/patrimonio-imovel/pesquisa-do-patrimonio/classificado-ou-em-vias-de-classificacao/geral/view/74241 DGPC]<br>[http://www.monumentos.gov.pt/Site/APP_PagesUser/SIPA.aspx?id=225 SIPA],Pelourinho de Cabeçais,Images from Wiki Loves Monuments 2022 in Portugal - Aveiro|Pelourinho de Cabeçais,[[Imagem:Camera-photo_Upload.svg|x60px|sub|alt=Carregar foto|link=https://commons.wikimedia.org/wiki/special:uploadWizard?campaign=wlm-pt&id=Q10348081&descriptionlang=pt&description=Pelourinho%20de%20Cabe%C3%A7ais%20-%20pelourinho%20em%20Arouca%2C%20Portugal&categories=Images%20from%20Wiki%20Loves%20Monuments%202022%20in%20Portugal%20-%20Aveiro%7CPelourinho%20de%20Cabe%C3%A7ais]],pelourinho,Imóvel de Interesse Público
http://www.wikidata.org/entity/Q66813010,Anta do Casal-Mau,DGPC-70170,Santa Eulália,Arouca,[http://www.patrimoniocultural.gov.pt/pt/patrimonio/patrimonio-imovel/pesquisa-do-patrimonio/classificado-ou-em-vias-de-classificacao/geral/view/70170 DGPC]<br>[http://www.monumentos.gov.pt/Site/APP_PagesUser/SIPA.aspx?id=6661 SIPA],,Images from Wiki Loves Monuments 2022 in Portugal - Aveiro,[[Imagem:Camera-photo_Upload.svg|x60px|sub|alt=Carregar foto|link=https://commons.wikimedia.org/wiki/special:uploadWizard?campaign=wlm-pt&id=Q66813010&descriptionlang=pt&description=Anta%20do%20Casal-Mau%20-%20anta%20em%20Arouca%2C%20Portugal&categories=Images%20from%20Wiki%20Loves%20Monuments%202022%20in%20Portugal%20-%20Aveiro]],dólmen,Monumento Nacional
http://www.wikidata.org/entity/Q5050810,Castro do Monte Valinhas,DGPC-74807,Santa Eulália,Arouca,[http://www.patrimoniocultural.gov.pt/pt/patrimonio/patrimonio-imovel/pesquisa-do-patrimonio/classificado-ou-em-vias-de-classificacao/geral/view/74807 DGPC]<br>[http://www.monumentos.gov.pt/Site/APP_PagesUser/SIPA.aspx?id=33752 SIPA],,Images from Wiki Loves Monuments 2022 in Portugal - Aveiro,[[Imagem:Camera-photo_Upload.svg|x60px|sub|alt=Carregar foto|link=https://commons.wikimedia.org/wiki/special:uploadWizard?campaign=wlm-pt&id=Q5050810&descriptionlang=pt&description=Castro%20do%20Monte%20Valinhas%20-%20castro%20em%20Arouca%2C%20Portugal&categories=Images%20from%20Wiki%20Loves%20Monuments%202022%20in%20Portugal%20-%20Aveiro]],castro,Sítio de Interesse Público
http://www.wikidata.org/entity/Q39713717,Memorial de Santo António do Burgo,DGPC-70396,Santa Eulália,Arouca,[http://www.patrimoniocultural.gov.pt/pt/patrimonio/patrimonio-imovel/pesquisa-do-patrimonio/classificado-ou-em-vias-de-classificacao/geral/view/70396 DGPC]<br>[http://www.monumentos.gov.pt/Site/APP_PagesUser/SIPA.aspx?id=871 SIPA],Memorial de Santo António do Burgo,Images from Wiki Loves Monuments 2022 in Portugal - Aveiro|Memorial de Santo António do Burgo,[[Imagem:Camera-photo_Upload.svg|x60px|sub|alt=Carregar foto|link=https://commons.wikimedia.org/wiki/special:uploadWizard?campaign=wlm-pt&id=Q39713717&descriptionlang=pt&description=Memorial%20de%20Santo%20Ant%C3%B3nio%20do%20Burgo&categories=Images%20from%20Wiki%20Loves%20Monuments%202022%20in%20Portugal%20-%20Aveiro%7CMemorial%20de%20Santo%20Ant%C3%B3nio%20do%20Burgo]],monumento comemorativo,Monumento Nacional
http://www.wikidata.org/entity/Q98444322,Árvore isolada em Paçô,ICNF-KNJ1/167,Tropeço,Arouca,,,Images from Wiki Loves Monuments 2022 in Portugal - Aveiro,[[Imagem:Camera-photo_Upload.svg|x60px|sub|alt=Carregar foto|link=https://commons.wikimedia.org/wiki/special:uploadWizard?campaign=wlm-pt&id=Q98444322&descriptionlang=pt&description=%C3%81rvore%20isolada%20em%20Pa%C3%A7%C3%B4%20-%20sobreiro%20em%20Pa%C3%A7%C3%B4&categories=Images%20from%20Wiki%20Loves%20Monuments%202022%20in%20Portugal%20-%20Aveiro]],Árvore de Interesse Público,
http://www.wikidata.org/entity/Q66813016,Igreja de São Miguel de Urrô,DGPC-74840,Urrô,Arouca,[http://www.patrimoniocultural.gov.pt/pt/patrimonio/patrimonio-imovel/pesquisa-do-patrimonio/classificado-ou-em-vias-de-classificacao/geral/view/74840 DGPC]<br>[http://www.monumentos.gov.pt/Site/APP_PagesUser/SIPA.aspx?id=5611 SIPA],Igreja de São Miguel de Urrô,Images from Wiki Loves Monuments 2022 in Portugal - Aveiro|Igreja de São Miguel de Urrô,[[Imagem:Camera-photo_Upload.svg|x60px|sub|alt=Carregar foto|link=https://commons.wikimedia.org/wiki/special:uploadWizard?campaign=wlm-pt&id=Q66813016&descriptionlang=pt&description=Igreja%20de%20S%C3%A3o%20Miguel%20de%20Urr%C3%B4%20-%20igreja%20em%20Arouca%2C%20Portugal&categories=Images%20from%20Wiki%20Loves%20Monuments%202022%20in%20Portugal%20-%20Aveiro%7CIgreja%20de%20S%C3%A3o%20Miguel%20de%20Urr%C3%B4]],igreja,Imóvel de Interesse Público
http://www.wikidata.org/entity/Q96624043,Casa Museu Dr. Hermes,DGPC-18508475,Aradas,Aveiro,[http://www.patrimoniocultural.gov.pt/pt/patrimonio/patrimonio-imovel/pesquisa-do-patrimonio/classificado-ou-em-vias-de-classificacao/geral/view/18508475 DGPC],,Images from Wiki Loves Monuments 2022 in Portugal - Aveiro,[[Imagem:Camera-photo_Upload.svg|x60px|sub|alt=Carregar foto|link=https://commons.wikimedia.org/wiki/special:uploadWizard?campaign=wlm-pt&id=Q96624043&descriptionlang=pt&description=Casa%20Museu%20Dr.%20Hermes%20-%20Aveiro%20-%20Portugal%20-%20-&categories=Images%20from%20Wiki%20Loves%20Monuments%202022%20in%20Portugal%20-%20Aveiro]],casa-museu,sem protecção legal
http://www.wikidata.org/entity/Q97364603,Casa da Rua das Russadinhas e Rua Vasco da Gama,DGPC-6873306,Cacia,Aveiro,[http://www.patrimoniocultural.gov.pt/pt/patrimonio/patrimonio-imovel/pesquisa-do-patrimonio/classificado-ou-em-vias-de-classificacao/geral/view/6873306 DGPC],,Images from Wiki Loves Monuments 2022 in Portugal - Aveiro,[[Imagem:Camera-photo_Upload.svg|x60px|sub|alt=Carregar foto|link=https://commons.wikimedia.org/wiki/special:uploadWizard?campaign=wlm-pt&id=Q97364603&descriptionlang=pt&description=Casa%20da%20Rua%20das%20Russadinhas%20e%20Rua%20Vasco%20da%20Gama%20-%20Aveiro%20-%20Portugal%20-%20Arquitectura%20Civil%20%2F%20Casa&categories=Images%20from%20Wiki%20Loves%20Monuments%202022%20in%20Portugal%20-%20Aveiro]],casa,sem protecção legal
http://www.wikidata.org/entity/Q66813017,Casa da Família Dias Leite,DGPC-72154,Eixo e Eirol,Aveiro,[http://www.patrimoniocultural.gov.pt/pt/patrimonio/patrimonio-imovel/pesquisa-do-patrimonio/classificado-ou-em-vias-de-classificacao/geral/view/72154 DGPC]<br>[http://www.monumentos.gov.pt/Site/APP_PagesUser/SIPA.aspx?id=786 SIPA],Casa da Família Dias Leite,Images from Wiki Loves Monuments 2022 in Portugal - Aveiro|Casa da Família Dias Leite,[[Imagem:Camera-photo_Upload.svg|x60px|sub|alt=Carregar foto|link=https://commons.wikimedia.org/wiki/special:uploadWizard?campaign=wlm-pt&id=Q66813017&descriptionlang=pt&description=Casa%20da%20Fam%C3%ADlia%20Dias%20Leite%20-%20casa%20em%20Aveiro%2C%20Portugal&categories=Images%20from%20Wiki%20Loves%20Monuments%202022%20in%20Portugal%20-%20Aveiro%7CCasa%20da%20Fam%C3%ADlia%20Dias%20Leite]],casa,"Em vias de classificação, Imóvel de Interesse Municipal"
http://www.wikidata.org/entity/Q66813033,"Imóvel pertencente a Rui de Pinho Neto Brandão / Imóvel na Rua Dr. Alfredo Coelho de Magalhães, 29",DGPC-6874028,Eixo e Eirol,Aveiro,[http://www.patrimoniocultural.gov.pt/pt/patrimonio/patrimonio-imovel/pesquisa-do-patrimonio/classificado-ou-em-vias-de-classificacao/geral/view/6874028 DGPC]<br>[http://www.monumentos.gov.pt/Site/APP_PagesUser/SIPA.aspx?id=603 SIPA],"Imóvel pertencente a Rui de Pinho Neto Brandão / Imóvel na Rua Dr. Alfredo Coelho de Magalhães, 29","Images from Wiki Loves Monuments 2022 in Portugal - Aveiro|Imóvel pertencente a Rui de Pinho Neto Brandão / Imóvel na Rua Dr. Alfredo Coelho de Magalhães, 29",[[Imagem:Camera-photo_Upload.svg|x60px|sub|alt=Carregar foto|link=https://commons.wikimedia.org/wiki/special:uploadWizard?campaign=wlm-pt&id=Q66813033&descriptionlang=pt&description=Im%C3%B3vel%20pertencente%20a%20Rui%20de%20Pinho%20Neto%20Brand%C3%A3o%20%2F%20Im%C3%B3vel%20na%20Rua%20Dr.%20Alfredo%20Coelho%20de%20Magalh%C3%A3es%2C%2029%20-%20edif%C3%ADcio%20em%20Aveiro%2C%20Portugal&categories=Images%20from%20Wiki%20Loves%20Monuments%202022%20in%20Portugal%20-%20Aveiro%7CIm%C3%B3vel%20pertencente%20a%20Rui%20de%20Pinho%20Neto%20Brand%C3%A3o%20%2F%20Im%C3%B3vel%20na%20Rua%20Dr.%20Alfredo%20Coelho%20de%20Magalh%C3%A3es%2C%2029]],edifício,Em vias de classificação
http://www.wikidata.org/entity/Q98348908,Capela do Espírito Santo,DGPC-6873253,Esgueira,Aveiro,[http://www.patrimoniocultural.gov.pt/pt/patrimonio/patrimonio-imovel/pesquisa-do-patrimonio/classificado-ou-em-vias-de-classificacao/geral/view/6873253 DGPC]<br>[http://www.monumentos.gov.pt/Site/APP_PagesUser/SIPA.aspx?id=24378 SIPA],,Images from Wiki Loves Monuments 2022 in Portugal - Aveiro,[[Imagem:Camera-photo_Upload.svg|x60px|sub|alt=Carregar foto|link=https://commons.wikimedia.org/wiki/special:uploadWizard?campaign=wlm-pt&id=Q98348908&descriptionlang=pt&description=Capela%20do%20Esp%C3%ADrito%20Santo%20-%20Aveiro%20-%20Portugal%20-%20Arquitectura%20Religiosa%20%2F%20Capela&categories=Images%20from%20Wiki%20Loves%20Monuments%202022%20in%20Portugal%20-%20Aveiro]],capela,sem protecção legal
http://www.wikidata.org/entity/Q98348913,"Casa da Rua José Luciano de Castro, n.º 100 e 102",DGPC-6873386,Esgueira,Aveiro,[http://www.patrimoniocultural.gov.pt/pt/patrimonio/patrimonio-imovel/pesquisa-do-patrimonio/classificado-ou-em-vias-de-classificacao/geral/view/6873386 DGPC]<br>[http://www.monumentos.gov.pt/Site/APP_PagesUser/SIPA.aspx?id=29386 SIPA],,Images from Wiki Loves Monuments 2022 in Portugal - Aveiro,[[Imagem:Camera-photo_Upload.svg|x60px|sub|alt=Carregar foto|link=https://commons.wikimedia.org/wiki/special:uploadWizard?campaign=wlm-pt&id=Q98348913&descriptionlang=pt&description=Casa%20da%20Rua%20Jos%C3%A9%20Luciano%20de%20Castro%2C%20n.%C2%BA%20100%20e%20102%20-%20Aveiro%20-%20Portugal%20-%20Arquitectura%20Civil%20%2F%20Casa&categories=Images%20from%20Wiki%20Loves%20Monuments%202022%20in%20Portugal%20-%20Aveiro]],casa,sem protecção legal
http://www.wikidata.org/entity/Q97364630,"Casa da Rua José Luciano de Castro, n.º 138 e 140",DGPC-6873402,Esgueira,Aveiro,[http://www.patrimoniocultural.gov.pt/pt/patrimonio/patrimonio-imovel/pesquisa-do-patrimonio/classificado-ou-em-vias-de-classificacao/geral/view/6873402 DGPC],,Images from Wiki Loves Monuments 2022 in Portugal - Aveiro,[[Imagem:Camera-photo_Upload.svg|x60px|sub|alt=Carregar foto|link=https://commons.wikimedia.org/wiki/special:uploadWizard?campaign=wlm-pt&id=Q97364630&descriptionlang=pt&description=Casa%20da%20Rua%20Jos%C3%A9%20Luciano%20de%20Castro%2C%20n.%C2%BA%20138%20e%20140%20-%20Aveiro%20-%20Portugal%20-%20Arquitectura%20Civil%20%2F%20Casa&categories=Images%20from%20Wiki%20Loves%20Monuments%202022%20in%20Portugal%20-%20Aveiro]],casa,sem protecção legal
http://www.wikidata.org/entity/Q66813030,Igreja Matriz de Esgueira,DGPC-3728307,Esgueira,Aveiro,[http://www.patrimoniocultural.gov.pt/pt/patrimonio/patrimonio-imovel/pesquisa-do-patrimonio/classificado-ou-em-vias-de-classificacao/geral/view/3728307 DGPC]<br>[http://www.monumentos.gov.pt/Site/APP_PagesUser/SIPA.aspx?id=10727 SIPA],Igreja Matriz de Esgueira,Images from Wiki Loves Monuments 2022 in Portugal - Aveiro|Igreja Matriz de Esgueira,[[Imagem:Camera-photo_Upload.svg|x60px|sub|alt=Carregar foto|link=https://commons.wikimedia.org/wiki/special:uploadWizard?campaign=wlm-pt&id=Q66813030&descriptionlang=pt&description=Igreja%20Matriz%20de%20Esgueira%20-%20igreja%20em%20Aveiro%2C%20Portugal&categories=Images%20from%20Wiki%20Loves%20Monuments%202022%20in%20Portugal%20-%20Aveiro%7CIgreja%20Matriz%20de%20Esgueira]],igreja,Monumento de Interesse Público
http://www.wikidata.org/entity/Q98348922,Paços do Concelho de Esgueira,DGPC-6874248,Esgueira,Aveiro,[http://www.patrimoniocultural.gov.pt/pt/patrimonio/patrimonio-imovel/pesquisa-do-patrimonio/classificado-ou-em-vias-de-classificacao/geral/view/6874248 DGPC]<br>[http://www.monumentos.gov.pt/Site/APP_PagesUser/SIPA.aspx?id=24375 SIPA],,Images from Wiki Loves Monuments 2022 in Portugal - Aveiro,[[Imagem:Camera-photo_Upload.svg|x60px|sub|alt=Carregar foto|link=https://commons.wikimedia.org/wiki/special:uploadWizard?campaign=wlm-pt&id=Q98348922&descriptionlang=pt&description=Pa%C3%A7os%20do%20Concelho%20de%20Esgueira%20-%20Aveiro%20-%20Portugal%20-%20Arquitectura%20Civil%20%2F%20Pa%C3%A7o&categories=Images%20from%20Wiki%20Loves%20Monuments%202022%20in%20Portugal%20-%20Aveiro]],antiga câmara municipal,sem protecção legal
http://www.wikidata.org/entity/Q10348106,Pelourinho de Esgueira,DGPC-74240,Esgueira,Aveiro,[http://www.patrimoniocultural.gov.pt/pt/patrimonio/patrimonio-imovel/pesquisa-do-patrimonio/classificado-ou-em-vias-de-classificacao/geral/view/74240 DGPC]<br>[http://www.monumentos.gov.pt/Site/APP_PagesUser/SIPA.aspx?id=227 SIPA],Pelourinho de Esgueira,Images from Wiki Loves Monuments 2022 in Portugal - Aveiro|Pelourinho de Esgueira,[[Imagem:Camera-photo_Upload.svg|x60px|sub|alt=Carregar foto|link=https://commons.wikimedia.org/wiki/special:uploadWizard?campaign=wlm-pt&id=Q10348106&descriptionlang=pt&description=Pelourinho%20de%20Esgueira%20-%20pelourinho%20em%20Aveiro%2C%20Portugal&categories=Images%20from%20Wiki%20Loves%20Monuments%202022%20in%20Portugal%20-%20Aveiro%7CPelourinho%20de%20Esgueira]],pelourinho,Imóvel de Interesse Público
http://www.wikidata.org/entity/Q97364646,Zona Histórica de Esgueira,DGPC-6874267,Esgueira,Aveiro,[http://www.patrimoniocultural.gov.pt/pt/patrimonio/patrimonio-imovel/pesquisa-do-patrimonio/classificado-ou-em-vias-de-classificacao/geral/view/6874267 DGPC],,Images from Wiki Loves Monuments 2022 in Portugal - Aveiro,[[Imagem:Camera-photo_Upload.svg|x60px|sub|alt=Carregar foto|link=https://commons.wikimedia.org/wiki/special:uploadWizard?campaign=wlm-pt&id=Q97364646&descriptionlang=pt&description=Zona%20Hist%C3%B3rica%20de%20Esgueira%20-%20Aveiro%20-%20Portugal%20-%20Arquitectura%20Civil%20%2F%20N%C3%BAcleo%20Hist%C3%B3rico&categories=Images%20from%20Wiki%20Loves%20Monuments%202022%20in%20Portugal%20-%20Aveiro]],centro histórico,sem protecção legal
http://www.wikidata.org/entity/Q66813025,Antigo Hospital de Aveiro,DGPC-155612,Glória e Vera Cruz,Aveiro,[http://www.patrimoniocultural.gov.pt/pt/patrimonio/patrimonio-imovel/pesquisa-do-patrimonio/classificado-ou-em-vias-de-classificacao/geral/view/155612 DGPC]<br>[http://www.monumentos.gov.pt/Site/APP_PagesUser/SIPA.aspx?id=612 SIPA],Antigo Hospital de Aveiro,Images from Wiki Loves Monuments 2022 in Portugal - Aveiro|Antigo Hospital de Aveiro,[[Imagem:Camera-photo_Upload.svg|x60px|sub|alt=Carregar foto|link=https://commons.wikimedia.org/wiki/special:uploadWizard?campaign=wlm-pt&id=Q66813025&descriptionlang=pt&description=Antigo%20Hospital%20de%20Aveiro%20-%20hospital%20em%20Aveiro%2C%20Portugal&categories=Images%20from%20Wiki%20Loves%20Monuments%202022%20in%20Portugal%20-%20Aveiro%7CAntigo%20Hospital%20de%20Aveiro]],hospital,"Em vias de classificação, Monumento de Interesse Municipal"
http://www.wikidata.org/entity/Q97103968,"Antigo Palacete do Visconde de Valdemouro, ex-Centro de Ação Pastoral da Diocese de Aveiro",DGPC-20881791,Glória e Vera Cruz,Aveiro,[http://www.patrimoniocultural.gov.pt/pt/patrimonio/patrimonio-imovel/pesquisa-do-patrimonio/classificado-ou-em-vias-de-classificacao/geral/view/20881791 DGPC],,Images from Wiki Loves Monuments 2022 in Portugal - Aveiro,[[Imagem:Camera-photo_Upload.svg|x60px|sub|alt=Carregar foto|link=https://commons.wikimedia.org/wiki/special:uploadWizard?campaign=wlm-pt&id=Q97103968&descriptionlang=pt&description=Antigo%20Palacete%20do%20Visconde%20de%20Valdemouro%2C%20ex-Centro%20de%20A%C3%A7%C3%A3o%20Pastoral%20da%20Diocese%20de%20Aveiro%20-%20Aveiro%20-%20Portugal%20-%20-&categories=Images%20from%20Wiki%20Loves%20Monuments%202022%20in%20Portugal%20-%20Aveiro]],edifício,sem protecção legal
http://www.wikidata.org/entity/Q96639843,CTT de Aveiro,DGPC-10950515,Glória e Vera Cruz,Aveiro,[http://www.patrimoniocultural.gov.pt/pt/patrimonio/patrimonio-imovel/pesquisa-do-patrimonio/classificado-ou-em-vias-de-classificacao/geral/view/10950515 DGPC]<br>[http://www.monumentos.gov.pt/Site/APP_PagesUser/SIPA.aspx?id=21169 SIPA],CTT de Aveiro,Images from Wiki Loves Monuments 2022 in Portugal - Aveiro|CTT de Aveiro,[[Imagem:Camera-photo_Upload.svg|x60px|sub|alt=Carregar foto|link=https://commons.wikimedia.org/wiki/special:uploadWizard?campaign=wlm-pt&id=Q96639843&descriptionlang=pt&description=CTT%20de%20Aveiro%20-%20Aveiro%20-%20Portugal%20-%20-&categories=Images%20from%20Wiki%20Loves%20Monuments%202022%20in%20Portugal%20-%20Aveiro%7CCTT%20de%20Aveiro]],posto de correio,sem protecção legal
http://www.wikidata.org/entity/Q9695881,Capela de São Gonçalo,DGPC-155609,Glória e Vera Cruz,Aveiro,[http://www.patrimoniocultural.gov.pt/pt/patrimonio/patrimonio-imovel/pesquisa-do-patrimonio/classificado-ou-em-vias-de-classificacao/geral/view/155609 DGPC]<br>[http://www.monumentos.gov.pt/Site/APP_PagesUser/SIPA.aspx?id=664 SIPA],Capela de São Gonçalo (Aveiro),Images from Wiki Loves Monuments 2022 in Portugal - Aveiro|Capela de São Gonçalo (Aveiro),[[Imagem:Camera-photo_Upload.svg|x60px|sub|alt=Carregar foto|link=https://commons.wikimedia.org/wiki/special:uploadWizard?campaign=wlm-pt&id=Q9695881&descriptionlang=pt&description=Capela%20de%20S%C3%A3o%20Gon%C3%A7alo%20-%20capela%20em%20Aveiro%2C%20Portugal&categories=Images%20from%20Wiki%20Loves%20Monuments%202022%20in%20Portugal%20-%20Aveiro%7CCapela%20de%20S%C3%A3o%20Gon%C3%A7alo%20%28Aveiro%29]],capela,Monumento de Interesse Público
http://www.wikidata.org/entity/Q9696120,Capela do Senhor das Barrocas,DGPC-74016,Glória e Vera Cruz,Aveiro,[http://www.patrimoniocultural.gov.pt/pt/patrimonio/patrimonio-imovel/pesquisa-do-patrimonio/classificado-ou-em-vias-de-classificacao/geral/view/74016 DGPC]<br>[http://www.monumentos.gov.pt/Site/APP_PagesUser/SIPA.aspx?id=1038 SIPA],Capela do Senhor das Barrocas,Images from Wiki Loves Monuments 2022 in Portugal - Aveiro|Capela do Senhor das Barrocas,[[Imagem:Camera-photo_Upload.svg|x60px|sub|alt=Carregar foto|link=https://commons.wikimedia.org/wiki/special:uploadWizard?campaign=wlm-pt&id=Q9696120&descriptionlang=pt&description=Capela%20do%20Senhor%20das%20Barrocas%20-%20capela%20em%20Aveiro%2C%20Portugal&categories=Images%20from%20Wiki%20Loves%20Monuments%202022%20in%20Portugal%20-%20Aveiro%7CCapela%20do%20Senhor%20das%20Barrocas]],capela,Imóvel de Interesse Público
http://www.wikidata.org/entity/Q97364622,"Casa da Rua Almirante Cândido dos Reis, nº 145",DGPC-6873370,Glória e Vera Cruz,Aveiro,[http://www.patrimoniocultural.gov.pt/pt/patrimonio/patrimonio-imovel/pesquisa-do-patrimonio/classificado-ou-em-vias-de-classificacao/geral/view/6873370 DGPC],,Images from Wiki Loves Monuments 2022 in Portugal - Aveiro,[[Imagem:Camera-photo_Upload.svg|x60px|sub|alt=Carregar foto|link=https://commons.wikimedia.org/wiki/special:uploadWizard?campaign=wlm-pt&id=Q97364622&descriptionlang=pt&description=Casa%20da%20Rua%20Almirante%20C%C3%A2ndido%20dos%20Reis%2C%20n%C2%BA%20145%20-%20Aveiro%20-%20Portugal%20-%20Arquitectura%20Civil%20%2F%20Casa&categories=Images%20from%20Wiki%20Loves%20Monuments%202022%20in%20Portugal%20-%20Aveiro]],casa,sem protecção legal
http://www.wikidata.org/entity/Q97364610,"Casa da Rua de Sá, n.º 19, 21 e 23",DGPC-6873322,Glória e Vera Cruz,Aveiro,[http://www.patrimoniocultural.gov.pt/pt/patrimonio/patrimonio-imovel/pesquisa-do-patrimonio/classificado-ou-em-vias-de-classificacao/geral/view/6873322 DGPC],,Images from Wiki Loves Monuments 2022 in Portugal - Aveiro,[[Imagem:Camera-photo_Upload.svg|x60px|sub|alt=Carregar foto|link=https://commons.wikimedia.org/wiki/special:uploadWizard?campaign=wlm-pt&id=Q97364610&descriptionlang=pt&description=Casa%20da%20Rua%20de%20S%C3%A1%2C%20n.%C2%BA%2019%2C%2021%20e%2023%20-%20Aveiro%20-%20Portugal%20-%20Arquitectura%20Civil%20%2F%20Casa&categories=Images%20from%20Wiki%20Loves%20Monuments%202022%20in%20Portugal%20-%20Aveiro]],casa,sem protecção legal
http://www.wikidata.org/entity/Q98348910,"Casa da Rua de Sá, n.º 27, 29, 31 e 33",DGPC-6873337,Glória e Vera Cruz,Aveiro,[http://www.patrimoniocultural.gov.pt/pt/patrimonio/patrimonio-imovel/pesquisa-do-patrimonio/classificado-ou-em-vias-de-classificacao/geral/view/6873337 DGPC]<br>[http://www.monumentos.gov.pt/Site/APP_PagesUser/SIPA.aspx?id=598 SIPA],,Images from Wiki Loves Monuments 2022 in Portugal - Aveiro,[[Imagem:Camera-photo_Upload.svg|x60px|sub|alt=Carregar foto|link=https://commons.wikimedia.org/wiki/special:uploadWizard?campaign=wlm-pt&id=Q98348910&descriptionlang=pt&description=Casa%20da%20Rua%20de%20S%C3%A1%2C%20n.%C2%BA%2027%2C%2029%2C%2031%20e%2033%20-%20Aveiro%20-%20Portugal%20-%20Arquitectura%20Civil%20%2F%20Casa&categories=Images%20from%20Wiki%20Loves%20Monuments%202022%20in%20Portugal%20-%20Aveiro]],casa,sem protecção legal
http://www.wikidata.org/entity/Q18481424,Casa do Seixal,DGPC-74837,Glória e Vera Cruz,Aveiro,[http://www.patrimoniocultural.gov.pt/pt/patrimonio/patrimonio-imovel/pesquisa-do-patrimonio/classificado-ou-em-vias-de-classificacao/geral/view/74837 DGPC]<br>[http://www.monumentos.gov.pt/Site/APP_PagesUser/SIPA.aspx?id=224 SIPA],Casa do Seixal,Images from Wiki Loves Monuments 2022 in Portugal - Aveiro|Casa do Seixal,[[Imagem:Camera-photo_Upload.svg|x60px|sub|alt=Carregar foto|link=https://commons.wikimedia.org/wiki/special:uploadWizard?campaign=wlm-pt&id=Q18481424&descriptionlang=pt&description=Casa%20do%20Seixal%20-%20solar%20em%20Aveiro%2C%20Portugal&categories=Images%20from%20Wiki%20Loves%20Monuments%202022%20in%20Portugal%20-%20Aveiro%7CCasa%20do%20Seixal]],"solar, capela",Imóvel de Interesse Público
http://www.wikidata.org/entity/Q66813027,"Casa na Rua Manuel Firmino, 47-49, com painéis das Quatro Estações.",DGPC-155613,Glória e Vera Cruz,Aveiro,[http://www.patrimoniocultural.gov.pt/pt/patrimonio/patrimonio-imovel/pesquisa-do-patrimonio/classificado-ou-em-vias-de-classificacao/geral/view/155613 DGPC]<br>[http://www.monumentos.gov.pt/Site/APP_PagesUser/SIPA.aspx?id=665 SIPA],"Casa na Rua Manuel Firmino, 47-49","Images from Wiki Loves Monuments 2022 in Portugal - Aveiro|Casa na Rua Manuel Firmino, 47-49",[[Imagem:Camera-photo_Upload.svg|x60px|sub|alt=Carregar foto|link=https://commons.wikimedia.org/wiki/special:uploadWizard?campaign=wlm-pt&id=Q66813027&descriptionlang=pt&description=Casa%20na%20Rua%20Manuel%20Firmino%2C%2047-49%2C%20com%20pain%C3%A9is%20das%20Quatro%20Esta%C3%A7%C3%B5es.%20-%20casa%20em%20Aveiro%2C%20Portugal&categories=Images%20from%20Wiki%20Loves%20Monuments%202022%20in%20Portugal%20-%20Aveiro%7CCasa%20na%20Rua%20Manuel%20Firmino%2C%2047-49]],casa,Em vias de classificação
http://www.wikidata.org/entity/Q105853980,Cemitério Central de Aveiro,SIPA-28219,Glória e Vera Cruz,Aveiro,[http://www.monumentos.gov.pt/Site/APP_PagesUser/SIPA.aspx?id=28219 SIPA],Cemitério Central de Aveiro,Images from Wiki Loves Monuments 2022 in Portugal - Aveiro|Cemitério Central de Aveiro,[[Imagem:Camera-photo_Upload.svg|x60px|sub|alt=Carregar foto|link=https://commons.wikimedia.org/wiki/special:uploadWizard?campaign=wlm-pt&id=Q105853980&descriptionlang=pt&description=Cemit%C3%A9rio%20Central%20de%20Aveiro%20-%20cemit%C3%A9rio%20em%20Aveiro%2C%20Portugal&categories=Images%20from%20Wiki%20Loves%20Monuments%202022%20in%20Portugal%20-%20Aveiro%7CCemit%C3%A9rio%20Central%20de%20Aveiro]],cemitério,Em estudo
http://www.wikidata.org/entity/Q66813031,Centro Comunitário da Vera Cruz,DGPC-6873349,Glória e Vera Cruz,Aveiro,[http://www.patrimoniocultural.gov.pt/pt/patrimonio/patrimonio-imovel/pesquisa-do-patrimonio/classificado-ou-em-vias-de-classificacao/geral/view/6873349 DGPC]<br>[http://www.monumentos.gov.pt/Site/APP_PagesUser/SIPA.aspx?id=611 SIPA],Centro Comunitário de Vera Cruz,Images from Wiki Loves Monuments 2022 in Portugal - Aveiro|Centro Comunitário de Vera Cruz,[[Imagem:Camera-photo_Upload.svg|x60px|sub|alt=Carregar foto|link=https://commons.wikimedia.org/wiki/special:uploadWizard?campaign=wlm-pt&id=Q66813031&descriptionlang=pt&description=Centro%20Comunit%C3%A1rio%20da%20Vera%20Cruz%20-%20casa%20em%20Aveiro%2C%20Portugal&categories=Images%20from%20Wiki%20Loves%20Monuments%202022%20in%20Portugal%20-%20Aveiro%7CCentro%20Comunit%C3%A1rio%20de%20Vera%20Cruz]],casa,Imóvel de Interesse Municipal
http://www.wikidata.org/entity/Q66813028,"Conjunto arquitetónico constituído pelos imóveis sitos na Avenida Dr. António Lourenço Peixinho, 64 a 88",DGPC-3728092,Glória e Vera Cruz,Aveiro,[http://www.patrimoniocultural.gov.pt/pt/patrimonio/patrimonio-imovel/pesquisa-do-patrimonio/classificado-ou-em-vias-de-classificacao/geral/view/3728092 DGPC]<br>[http://www.monumentos.gov.pt/Site/APP_PagesUser/SIPA.aspx?id=5857 SIPA],Casa Paris,Images from Wiki Loves Monuments 2022 in Portugal - Aveiro|Casa Paris,[[Imagem:Camera-photo_Upload.svg|x60px|sub|alt=Carregar foto|link=https://commons.wikimedia.org/wiki/special:uploadWizard?campaign=wlm-pt&id=Q66813028&descriptionlang=pt&description=Conjunto%20arquitet%C3%B3nico%20constitu%C3%ADdo%20pelos%20im%C3%B3veis%20sitos%20na%20Avenida%20Dr.%20Ant%C3%B3nio%20Louren%C3%A7o%20Peixinho%2C%2064%20a%2088%20-%20mista%20em%20Aveiro%2C%20Portugal&categories=Images%20from%20Wiki%20Loves%20Monuments%202022%20in%20Portugal%20-%20Aveiro%7CCasa%20Paris]],conjunto urbano,Imóvel de Interesse Público
http://www.wikidata.org/entity/Q98706374,"Coreto, sito no Parque Municipal",DGPC-6873661,Glória e Vera Cruz,Aveiro,[http://www.patrimoniocultural.gov.pt/pt/patrimonio/patrimonio-imovel/pesquisa-do-patrimonio/classificado-ou-em-vias-de-classificacao/geral/view/6873661 DGPC]<br>[http://www.monumentos.gov.pt/Site/APP_PagesUser/SIPA.aspx?id=599 SIPA],"Coreto, sito no Parque Municipal","Images from Wiki Loves Monuments 2022 in Portugal - Aveiro|Coreto, sito no Parque Municipal",[[Imagem:Camera-photo_Upload.svg|x60px|sub|alt=Carregar foto|link=https://commons.wikimedia.org/wiki/special:uploadWizard?campaign=wlm-pt&id=Q98706374&descriptionlang=pt&description=Coreto%2C%20sito%20no%20Parque%20Municipal%20-%20Aveiro%20-%20Portugal%20-%20Arquitectura%20Civil%20%2F%20Coreto&categories=Images%20from%20Wiki%20Loves%20Monuments%202022%20in%20Portugal%20-%20Aveiro%7CCoreto%2C%20sito%20no%20Parque%20Municipal]],coreto,Em vias de classificação
http://www.wikidata.org/entity/Q39713726,Cruzeiro de Nossa Senhora da Glória,DGPC-71151,Glória e Vera Cruz,Aveiro,[http://www.patrimoniocultural.gov.pt/pt/patrimonio/patrimonio-imovel/pesquisa-do-patrimonio/classificado-ou-em-vias-de-classificacao/geral/view/71151 DGPC]<br>[http://www.monumentos.gov.pt/Site/APP_PagesUser/SIPA.aspx?id=3916 SIPA],Cruzeiro de Nossa Senhora da Glória,Images from Wiki Loves Monuments 2022 in Portugal - Aveiro|Cruzeiro de Nossa Senhora da Glória,[[Imagem:Camera-photo_Upload.svg|x60px|sub|alt=Carregar foto|link=https://commons.wikimedia.org/wiki/special:uploadWizard?campaign=wlm-pt&id=Q39713726&descriptionlang=pt&description=Cruzeiro%20de%20Nossa%20Senhora%20da%20Gl%C3%B3ria&categories=Images%20from%20Wiki%20Loves%20Monuments%202022%20in%20Portugal%20-%20Aveiro%7CCruzeiro%20de%20Nossa%20Senhora%20da%20Gl%C3%B3ria]],cruzeiro,Monumento Nacional
http://www.wikidata.org/entity/Q66813029,Dois conjuntos dos Armazéns de Sal (Palheiros) do Canal de São Roque,DGPC-3728244,Glória e Vera Cruz,Aveiro,[http://www.patrimoniocultural.gov.pt/pt/patrimonio/patrimonio-imovel/pesquisa-do-patrimonio/classificado-ou-em-vias-de-classificacao/geral/view/3728244 DGPC]<br>[http://www.monumentos.gov.pt/Site/APP_PagesUser/SIPA.aspx?id=8708 SIPA],Dois conjuntos dos Armazéns de Sal (Palheiros) do Canal de São Roque,Images from Wiki Loves Monuments 2022 in Portugal - Aveiro|Dois conjuntos dos Armazéns de Sal (Palheiros) do Canal de São Roque,[[Imagem:Camera-photo_Upload.svg|x60px|sub|alt=Carregar foto|link=https://commons.wikimedia.org/wiki/special:uploadWizard?campaign=wlm-pt&id=Q66813029&descriptionlang=pt&description=Dois%20conjuntos%20dos%20Armaz%C3%A9ns%20de%20Sal%20%28Palheiros%29%20do%20Canal%20de%20S%C3%A3o%20Roque%20-%20mista%20em%20Aveiro%2C%20Portugal&categories=Images%20from%20Wiki%20Loves%20Monuments%202022%20in%20Portugal%20-%20Aveiro%7CDois%20conjuntos%20dos%20Armaz%C3%A9ns%20de%20Sal%20%28Palheiros%29%20do%20Canal%20de%20S%C3%A3o%20Roque]],armazém,sem protecção legal
http://www.wikidata.org/entity/Q9698854,"Edifício Arte Nova, também denominado «Casa do Major Pessoa»",DGPC-74836,Glória e Vera Cruz,Aveiro,[http://www.patrimoniocultural.gov.pt/pt/patrimonio/patrimonio-imovel/pesquisa-do-patrimonio/classificado-ou-em-vias-de-classificacao/geral/view/74836 DGPC]<br>[http://www.monumentos.gov.pt/Site/APP_PagesUser/SIPA.aspx?id=5402 SIPA],"Edifício Arte Nova, também denominado «Casa do Major Pessoa»","Images from Wiki Loves Monuments 2022 in Portugal - Aveiro|Edifício Arte Nova, também denominado «Casa do Major Pessoa»",[[Imagem:Camera-photo_Upload.svg|x60px|sub|alt=Carregar foto|link=https://commons.wikimedia.org/wiki/special:uploadWizard?campaign=wlm-pt&id=Q9698854&descriptionlang=pt&description=Edif%C3%ADcio%20Arte%20Nova%2C%20tamb%C3%A9m%20denominado%20%C2%ABCasa%20do%20Major%20Pessoa%C2%BB%20-%20edif%C3%ADcio%20em%20Aveiro%2C%20Portugal&categories=Images%20from%20Wiki%20Loves%20Monuments%202022%20in%20Portugal%20-%20Aveiro%7CEdif%C3%ADcio%20Arte%20Nova%2C%20tamb%C3%A9m%20denominado%20%C2%ABCasa%20do%20Major%20Pessoa%C2%BB]],edifício,Imóvel de Interesse Público
http://www.wikidata.org/entity/Q98348919,Edifício Severim Duarte,DGPC-6873875,Glória e Vera Cruz,Aveiro,[http://www.patrimoniocultural.gov.pt/pt/patrimonio/patrimonio-imovel/pesquisa-do-patrimonio/classificado-ou-em-vias-de-classificacao/geral/view/6873875 DGPC]<br>[http://www.monumentos.gov.pt/Site/APP_PagesUser/SIPA.aspx?id=28234 SIPA],Edifício Severim Duarte,Images from Wiki Loves Monuments 2022 in Portugal - Aveiro|Edifício Severim Duarte,[[Imagem:Camera-photo_Upload.svg|x60px|sub|alt=Carregar foto|link=https://commons.wikimedia.org/wiki/special:uploadWizard?campaign=wlm-pt&id=Q98348919&descriptionlang=pt&description=Edif%C3%ADcio%20Severim%20Duarte%20-%20Aveiro%20-%20Portugal%20-%20Arquitectura%20Civil%20%2F%20Edif%C3%ADcio&categories=Images%20from%20Wiki%20Loves%20Monuments%202022%20in%20Portugal%20-%20Aveiro%7CEdif%C3%ADcio%20Severim%20Duarte]],edifício,sem protecção legal
http://www.wikidata.org/entity/Q74473947,Edifício Testa & Amadores,DGPC-6873977,Glória e Vera Cruz,Aveiro,[http://www.patrimoniocultural.gov.pt/pt/patrimonio/patrimonio-imovel/pesquisa-do-patrimonio/classificado-ou-em-vias-de-classificacao/geral/view/6873977 DGPC]<br>[http://www.monumentos.gov.pt/Site/APP_PagesUser/SIPA.aspx?id=597 SIPA],Edifício Testa & Amadores,Images from Wiki Loves Monuments 2022 in Portugal - Aveiro|Edifício Testa & Amadores,[[Imagem:Camera-photo_Upload.svg|x60px|sub|alt=Carregar foto|link=https://commons.wikimedia.org/wiki/special:uploadWizard?campaign=wlm-pt&id=Q74473947&descriptionlang=pt&description=Edif%C3%ADcio%20Testa%20%26%20Amadores&categories=Images%20from%20Wiki%20Loves%20Monuments%202022%20in%20Portugal%20-%20Aveiro%7CEdif%C3%ADcio%20Testa%20%26%20Amadores]],edifício,Monumento de Interesse Público
http://www.wikidata.org/entity/Q98348916,"Edifício da Rua João de Moura, n.º 1, 3, 5, 7, 9, 11, 13, 15 e 17, e Rua do Almirante Cândido dos Reis, n.º 159",DGPC-6873819,Glória e Vera Cruz,Aveiro,[http://www.patrimoniocultural.gov.pt/pt/patrimonio/patrimonio-imovel/pesquisa-do-patrimonio/classificado-ou-em-vias-de-classificacao/geral/view/6873819 DGPC]<br>[http://www.monumentos.gov.pt/Site/APP_PagesUser/SIPA.aspx?id=27782 SIPA],,Images from Wiki Loves Monuments 2022 in Portugal - Aveiro,[[Imagem:Camera-photo_Upload.svg|x60px|sub|alt=Carregar foto|link=https://commons.wikimedia.org/wiki/special:uploadWizard?campaign=wlm-pt&id=Q98348916&descriptionlang=pt&description=Edif%C3%ADcio%20da%20Rua%20Jo%C3%A3o%20de%20Moura%2C%20n.%C2%BA%201%2C%203%2C%205%2C%207%2C%209%2C%2011%2C%2013%2C%2015%20e%2017%2C%20e%20Rua%20do%20Almirante%20C%C3%A2ndido%20dos%20Reis%2C%20n.%C2%BA%20159%20-%20Aveiro%20-%20Portugal%20-%20Arquitectura%20Civil%20%2F%20Edif%C3%ADcio&categories=Images%20from%20Wiki%20Loves%20Monuments%202022%20in%20Portugal%20-%20Aveiro]],edifício,sem protecção legal
http://www.wikidata.org/entity/Q66813021,"Edifício da antiga Capitania do Porto de Aveiro, também denominado «Casa dos Arcos» (primitiva Escola de Desenho Industrial Fernando Caldeira)",DGPC-74838,Glória e Vera Cruz,Aveiro,[http://www.patrimoniocultural.gov.pt/pt/patrimonio/patrimonio-imovel/pesquisa-do-patrimonio/classificado-ou-em-vias-de-classificacao/geral/view/74838 DGPC]<br>[http://www.monumentos.gov.pt/Site/APP_PagesUser/SIPA.aspx?id=606 SIPA],"Edifício da antiga Capitania do Porto de Aveiro, também denominado «Casa dos Arcos» (primitiva Escola de Desenho Industrial Fernando Caldeira)","Images from Wiki Loves Monuments 2022 in Portugal - Aveiro|Edifício da antiga Capitania do Porto de Aveiro, também denominado «Casa dos Arcos» (primitiva Escola de Desenho Industrial Fernando Caldeira)",[[Imagem:Camera-photo_Upload.svg|x60px|sub|alt=Carregar foto|link=https://commons.wikimedia.org/wiki/special:uploadWizard?campaign=wlm-pt&id=Q66813021&descriptionlang=pt&description=Edif%C3%ADcio%20da%20antiga%20Capitania%20do%20Porto%20de%20Aveiro%2C%20tamb%C3%A9m%20denominado%20%C2%ABCasa%20dos%20Arcos%C2%BB%20%28primitiva%20Escola%20de%20Desenho%20Industrial%20Fernando%20Caldeira%29%20-%20edif%C3%ADcio%20em%20Aveiro%2C%20Portugal&categories=Images%20from%20Wiki%20Loves%20Monuments%202022%20in%20Portugal%20-%20Aveiro%7CEdif%C3%ADcio%20da%20antiga%20Capitania%20do%20Porto%20de%20Aveiro%2C%20tamb%C3%A9m%20denominado%20%C2%ABCasa%20dos%20Arcos%C2%BB%20%28primitiva%20Escola%20de%20Desenho%20Industrial%20Fernando%20Caldeira%29]],edifício,Imóvel de Interesse Público
http://www.wikidata.org/entity/Q98706412,Edifício das Obras Públicas de Aveiro,DGPC-11634424,Glória e Vera Cruz,Aveiro,[http://www.patrimoniocultural.gov.pt/pt/patrimonio/patrimonio-imovel/pesquisa-do-patrimonio/classificado-ou-em-vias-de-classificacao/geral/view/11634424 DGPC]<br>[http://www.monumentos.gov.pt/Site/APP_PagesUser/SIPA.aspx?id=20434 SIPA],Edifício das Obras Públicas de Aveiro,Images from Wiki Loves Monuments 2022 in Portugal - Aveiro|Edifício das Obras Públicas de Aveiro,[[Imagem:Camera-photo_Upload.svg|x60px|sub|alt=Carregar foto|link=https://commons.wikimedia.org/wiki/special:uploadWizard?campaign=wlm-pt&id=Q98706412&descriptionlang=pt&description=Edif%C3%ADcio%20das%20Obras%20P%C3%BAblicas%20de%20Aveiro%20-%20Aveiro%20-%20Portugal%20-%20-&categories=Images%20from%20Wiki%20Loves%20Monuments%202022%20in%20Portugal%20-%20Aveiro%7CEdif%C3%ADcio%20das%20Obras%20P%C3%BAblicas%20de%20Aveiro]],edifício,sem protecção legal
http://www.wikidata.org/entity/Q105853965,"Edifício na Rua Eça de Queirós, n.º 1 a 3",SIPA-613,Glória e Vera Cruz,Aveiro,[http://www.monumentos.gov.pt/Site/APP_PagesUser/SIPA.aspx?id=613 SIPA],"Edifício na Rua Eça de Queirós, n.º 1 a 3","Images from Wiki Loves Monuments 2022 in Portugal - Aveiro|Edifício na Rua Eça de Queirós, n.º 1 a 3",[[Imagem:Camera-photo_Upload.svg|x60px|sub|alt=Carregar foto|link=https://commons.wikimedia.org/wiki/special:uploadWizard?campaign=wlm-pt&id=Q105853965&descriptionlang=pt&description=Edif%C3%ADcio%20na%20Rua%20E%C3%A7a%20de%20Queir%C3%B3s%2C%20n.%C2%BA%201%20a%203&categories=Images%20from%20Wiki%20Loves%20Monuments%202022%20in%20Portugal%20-%20Aveiro%7CEdif%C3%ADcio%20na%20Rua%20E%C3%A7a%20de%20Queir%C3%B3s%2C%20n.%C2%BA%201%20a%203]],edifício,Em estudo
http://www.wikidata.org/entity/Q74473682,"Edifício sito na Avenida Dr. Lourenço Peixinho,154-156, gaveto com a Rua do Engenheiro Oudinot, 7-11",DGPC-12496928,Glória e Vera Cruz,Aveiro,[http://www.patrimoniocultural.gov.pt/pt/patrimonio/patrimonio-imovel/pesquisa-do-patrimonio/classificado-ou-em-vias-de-classificacao/geral/view/12496928 DGPC]<br>[http://www.monumentos.gov.pt/Site/APP_PagesUser/SIPA.aspx?id=26581 SIPA],"Edifício sito na Avenida Dr. Lourenço Peixinho,154-156, gaveto com a Rua do Engenheiro Oudinot, 7-11","Images from Wiki Loves Monuments 2022 in Portugal - Aveiro|Edifício sito na Avenida Dr. Lourenço Peixinho,154-156, gaveto com a Rua do Engenheiro Oudinot, 7-11",[[Imagem:Camera-photo_Upload.svg|x60px|sub|alt=Carregar foto|link=https://commons.wikimedia.org/wiki/special:uploadWizard?campaign=wlm-pt&id=Q74473682&descriptionlang=pt&description=Edif%C3%ADcio%20sito%20na%20Avenida%20Dr.%20Louren%C3%A7o%20Peixinho%2C154-156%2C%20gaveto%20com%20a%20Rua%20do%20Engenheiro%20Oudinot%2C%207-11&categories=Images%20from%20Wiki%20Loves%20Monuments%202022%20in%20Portugal%20-%20Aveiro%7CEdif%C3%ADcio%20sito%20na%20Avenida%20Dr.%20Louren%C3%A7o%20Peixinho%2C154-156%2C%20gaveto%20com%20a%20Rua%20do%20Engenheiro%20Oudinot%2C%207-11]],edifício,Monumento de Interesse Público
http://www.wikidata.org/entity/Q9698172,Edifício «Arte Nova»,DGPC-73045,Glória e Vera Cruz,Aveiro,[http://www.patrimoniocultural.gov.pt/pt/patrimonio/patrimonio-imovel/pesquisa-do-patrimonio/classificado-ou-em-vias-de-classificacao/geral/view/73045 DGPC]<br>[http://www.monumentos.gov.pt/Site/APP_PagesUser/SIPA.aspx?id=667 SIPA],Casa da Cooperativa Agrícola em Aveiro,Images from Wiki Loves Monuments 2022 in Portugal - Aveiro|Casa da Cooperativa Agrícola em Aveiro,[[Imagem:Camera-photo_Upload.svg|x60px|sub|alt=Carregar foto|link=https://commons.wikimedia.org/wiki/special:uploadWizard?campaign=wlm-pt&id=Q9698172&descriptionlang=pt&description=Edif%C3%ADcio%20%C2%ABArte%20Nova%C2%BB%20-%20edif%C3%ADcio%20em%20Aveiro%2C%20Portugal&categories=Images%20from%20Wiki%20Loves%20Monuments%202022%20in%20Portugal%20-%20Aveiro%7CCasa%20da%20Cooperativa%20Agr%C3%ADcola%20em%20Aveiro]],edifício,Imóvel de Interesse Público
http://www.wikidata.org/entity/Q98348871,Escola Comercial e Industrial de Aveiro,DGPC-11634450,Glória e Vera Cruz,Aveiro,[http://www.patrimoniocultural.gov.pt/pt/patrimonio/patrimonio-imovel/pesquisa-do-patrimonio/classificado-ou-em-vias-de-classificacao/geral/view/11634450 DGPC]<br>[http://www.monumentos.gov.pt/Site/APP_PagesUser/SIPA.aspx?id=17453 SIPA],Escola Comercial e Industrial de Aveiro,Images from Wiki Loves Monuments 2022 in Portugal - Aveiro|Escola Comercial e Industrial de Aveiro,[[Imagem:Camera-photo_Upload.svg|x60px|sub|alt=Carregar foto|link=https://commons.wikimedia.org/wiki/special:uploadWizard?campaign=wlm-pt&id=Q98348871&descriptionlang=pt&description=Escola%20Comercial%20e%20Industrial%20de%20Aveiro%20-%20Aveiro%20-%20Portugal%20-%20-&categories=Images%20from%20Wiki%20Loves%20Monuments%202022%20in%20Portugal%20-%20Aveiro%7CEscola%20Comercial%20e%20Industrial%20de%20Aveiro]],escola secundária,sem protecção legal
http://www.wikidata.org/entity/Q73770534,Escola Secundária Homem Cristo,DGPC-17989540,Glória e Vera Cruz,Aveiro,[http://www.patrimoniocultural.gov.pt/pt/patrimonio/patrimonio-imovel/pesquisa-do-patrimonio/classificado-ou-em-vias-de-classificacao/geral/view/17989540 DGPC]<br>[http://www.monumentos.gov.pt/Site/APP_PagesUser/SIPA.aspx?id=20484 SIPA],Escola Secundária Homem Cristo,Images from Wiki Loves Monuments 2022 in Portugal - Aveiro|Escola Secundária Homem Cristo,[[Imagem:Camera-photo_Upload.svg|x60px|sub|alt=Carregar foto|link=https://commons.wikimedia.org/wiki/special:uploadWizard?campaign=wlm-pt&id=Q73770534&descriptionlang=pt&description=Escola%20Secund%C3%A1ria%20Homem%20Cristo&categories=Images%20from%20Wiki%20Loves%20Monuments%202022%20in%20Portugal%20-%20Aveiro%7CEscola%20Secund%C3%A1ria%20Homem%20Cristo]],edifício escolar,Incluído em sítio classificado
http://www.wikidata.org/entity/Q98706372,Farmácia Ala,DGPC-6873804,Glória e Vera Cruz,Aveiro,[http://www.patrimoniocultural.gov.pt/pt/patrimonio/patrimonio-imovel/pesquisa-do-patrimonio/classificado-ou-em-vias-de-classificacao/geral/view/6873804 DGPC]<br>[http://www.monumentos.gov.pt/Site/APP_PagesUser/SIPA.aspx?id=35913 SIPA],,Images from Wiki Loves Monuments 2022 in Portugal - Aveiro,[[Imagem:Camera-photo_Upload.svg|x60px|sub|alt=Carregar foto|link=https://commons.wikimedia.org/wiki/special:uploadWizard?campaign=wlm-pt&id=Q98706372&descriptionlang=pt&description=Farm%C3%A1cia%20Ala%20-%20Aveiro%20-%20Portugal%20-%20Arquitectura%20Civil%20%2F%20Edif%C3%ADcio&categories=Images%20from%20Wiki%20Loves%20Monuments%202022%20in%20Portugal%20-%20Aveiro]],"farmácia, edifício",Em vias de classificação
http://www.wikidata.org/entity/Q66813024,Fundação João Jacinto Magalhães,DGPC-155611,Glória e Vera Cruz,Aveiro,[http://www.patrimoniocultural.gov.pt/pt/patrimonio/patrimonio-imovel/pesquisa-do-patrimonio/classificado-ou-em-vias-de-classificacao/geral/view/155611 DGPC]<br>[http://www.monumentos.gov.pt/Site/APP_PagesUser/SIPA.aspx?id=666 SIPA],Fundação João Jacinto Magalhães,Images from Wiki Loves Monuments 2022 in Portugal - Aveiro|Fundação João Jacinto Magalhães,[[Imagem:Camera-photo_Upload.svg|x60px|sub|alt=Carregar foto|link=https://commons.wikimedia.org/wiki/special:uploadWizard?campaign=wlm-pt&id=Q66813024&descriptionlang=pt&description=Funda%C3%A7%C3%A3o%20Jo%C3%A3o%20Jacinto%20Magalh%C3%A3es%20-%20casa%20em%20Aveiro%2C%20Portugal&categories=Images%20from%20Wiki%20Loves%20Monuments%202022%20in%20Portugal%20-%20Aveiro%7CFunda%C3%A7%C3%A3o%20Jo%C3%A3o%20Jacinto%20Magalh%C3%A3es]],casa,"Em vias de classificação, Monumento de Interesse Municipal"
http://www.wikidata.org/entity/Q66813018,Igreja da Misericórdia de Aveiro,DGPC-73441,Glória e Vera Cruz,Aveiro,[http://www.patrimoniocultural.gov.pt/pt/patrimonio/patrimonio-imovel/pesquisa-do-patrimonio/classificado-ou-em-vias-de-classificacao/geral/view/73441 DGPC]<br>[http://www.monumentos.gov.pt/Site/APP_PagesUser/SIPA.aspx?id=5173 SIPA],Igreja da Misericórdia de Aveiro,Images from Wiki Loves Monuments 2022 in Portugal - Aveiro|Igreja da Misericórdia de Aveiro,[[Imagem:Camera-photo_Upload.svg|x60px|sub|alt=Carregar foto|link=https://commons.wikimedia.org/wiki/special:uploadWizard?campaign=wlm-pt&id=Q66813018&descriptionlang=pt&description=Igreja%20da%20Miseric%C3%B3rdia%20de%20Aveiro%20-%20igreja%20em%20Aveiro%2C%20Portugal&categories=Images%20from%20Wiki%20Loves%20Monuments%202022%20in%20Portugal%20-%20Aveiro%7CIgreja%20da%20Miseric%C3%B3rdia%20de%20Aveiro]],igreja,Imóvel de Interesse Público
http://www.wikidata.org/entity/Q20978132,Igreja de São João Evangelista (Aveiro),DGPC-71150,Glória e Vera Cruz,Aveiro,[http://www.patrimoniocultural.gov.pt/pt/patrimonio/patrimonio-imovel/pesquisa-do-patrimonio/classificado-ou-em-vias-de-classificacao/geral/view/71150 DGPC]<br>[http://www.monumentos.gov.pt/Site/APP_PagesUser/SIPA.aspx?id=1041 SIPA],Igreja das Carmelitas,Images from Wiki Loves Monuments 2022 in Portugal - Aveiro|Igreja das Carmelitas,[[Imagem:Camera-photo_Upload.svg|x60px|sub|alt=Carregar foto|link=https://commons.wikimedia.org/wiki/special:uploadWizard?campaign=wlm-pt&id=Q20978132&descriptionlang=pt&description=Igreja%20de%20S%C3%A3o%20Jo%C3%A3o%20Evangelista%20%28Aveiro%29%20-%20igreja%20em%20Aveiro%2C%20Portugal&categories=Images%20from%20Wiki%20Loves%20Monuments%202022%20in%20Portugal%20-%20Aveiro%7CIgreja%20das%20Carmelitas]],igreja,Monumento Nacional
http://www.wikidata.org/entity/Q66813019,Igreja do Convento do Carmo,DGPC-74017,Glória e Vera Cruz,Aveiro,[http://www.patrimoniocultural.gov.pt/pt/patrimonio/patrimonio-imovel/pesquisa-do-patrimonio/classificado-ou-em-vias-de-classificacao/geral/view/74017 DGPC]<br>[http://www.monumentos.gov.pt/Site/APP_PagesUser/SIPA.aspx?id=784 SIPA],Igreja do Convento do Carmo (Aveiro),Images from Wiki Loves Monuments 2022 in Portugal - Aveiro|Igreja do Convento do Carmo (Aveiro),[[Imagem:Camera-photo_Upload.svg|x60px|sub|alt=Carregar foto|link=https://commons.wikimedia.org/wiki/special:uploadWizard?campaign=wlm-pt&id=Q66813019&descriptionlang=pt&description=Igreja%20do%20Convento%20do%20Carmo%20-%20igreja%20em%20Aveiro%2C%20Portugal&categories=Images%20from%20Wiki%20Loves%20Monuments%202022%20in%20Portugal%20-%20Aveiro%7CIgreja%20do%20Convento%20do%20Carmo%20%28Aveiro%29]],igreja,Imóvel de Interesse Público
http://www.wikidata.org/entity/Q113304218,"Jazigo sito no Cemitério Antigo de Aveiro/Cemitério Central de Aveiro, com o nome de João Pedro Soares na fachada",DGPC-30583911,Glória e Vera Cruz,Aveiro,[http://www.patrimoniocultural.gov.pt/pt/patrimonio/patrimonio-imovel/pesquisa-do-patrimonio/classificado-ou-em-vias-de-classificacao/geral/view/30583911 DGPC],,Images from Wiki Loves Monuments 2022 in Portugal - Aveiro,[[Imagem:Camera-photo_Upload.svg|x60px|sub|alt=Carregar foto|link=https://commons.wikimedia.org/wiki/special:uploadWizard?campaign=wlm-pt&id=Q113304218&descriptionlang=pt&description=Jazigo%20sito%20no%20Cemit%C3%A9rio%20Antigo%20de%20Aveiro%2FCemit%C3%A9rio%20Central%20de%20Aveiro%2C%20com%20o%20nome%20de%20Jo%C3%A3o%20Pedro%20Soares%20na%20fachada%20-%20Aveiro%20-%20Portugal%20-%20-&categories=Images%20from%20Wiki%20Loves%20Monuments%202022%20in%20Portugal%20-%20Aveiro]],túmulo,sem protecção legal
http://www.wikidata.org/entity/Q10274434,Liceu Nacional de Aveiro,DGPC-11067817,Glória e Vera Cruz,Aveiro,[http://www.patrimoniocultural.gov.pt/pt/patrimonio/patrimonio-imovel/pesquisa-do-patrimonio/classificado-ou-em-vias-de-classificacao/geral/view/11067817 DGPC]<br>[http://www.monumentos.gov.pt/Site/APP_PagesUser/SIPA.aspx?id=25546 SIPA],Liceu Nacional de Aveiro,Images from Wiki Loves Monuments 2022 in Portugal - Aveiro|Liceu Nacional de Aveiro,[[Imagem:Camera-photo_Upload.svg|x60px|sub|alt=Carregar foto|link=https://commons.wikimedia.org/wiki/special:uploadWizard?campaign=wlm-pt&id=Q10274434&descriptionlang=pt&description=Liceu%20Nacional%20de%20Aveiro%20-%20escola%20em%20Aveiro%2C%20Portugal&categories=Images%20from%20Wiki%20Loves%20Monuments%202022%20in%20Portugal%20-%20Aveiro%7CLiceu%20Nacional%20de%20Aveiro]],escola secundária,sem protecção legal
http://www.wikidata.org/entity/Q10332621,"Mosteiro de Jesus, compreendendo o túmulo de Santa Joana",DGPC-71149,Glória e Vera Cruz,Aveiro,[http://www.patrimoniocultural.gov.pt/pt/patrimonio/patrimonio-imovel/pesquisa-do-patrimonio/classificado-ou-em-vias-de-classificacao/geral/view/71149 DGPC]<br>[http://www.monumentos.gov.pt/Site/APP_PagesUser/SIPA.aspx?id=2255 SIPA],"Mosteiro de Jesus, compreendendo o túmulo de Santa Joana","Images from Wiki Loves Monuments 2022 in Portugal - Aveiro|Mosteiro de Jesus, compreendendo o túmulo de Santa Joana",[[Imagem:Camera-photo_Upload.svg|x60px|sub|alt=Carregar foto|link=https://commons.wikimedia.org/wiki/special:uploadWizard?campaign=wlm-pt&id=Q10332621&descriptionlang=pt&description=Mosteiro%20de%20Jesus%2C%20compreendendo%20o%20t%C3%BAmulo%20de%20Santa%20Joana%20-%20antigo%20mosteiro%20e%20atual%20museu%2C%20em%20Aveiro%2C%20Portugal&categories=Images%20from%20Wiki%20Loves%20Monuments%202022%20in%20Portugal%20-%20Aveiro%7CMosteiro%20de%20Jesus%2C%20compreendendo%20o%20t%C3%BAmulo%20de%20Santa%20Joana]],"antigo mosteiro, museu",Monumento Nacional
http://www.wikidata.org/entity/Q97098022,Muros do Canal Central de Aveiro,DGPC-17986247,Glória e Vera Cruz,Aveiro,[http://www.patrimoniocultural.gov.pt/pt/patrimonio/patrimonio-imovel/pesquisa-do-patrimonio/classificado-ou-em-vias-de-classificacao/geral/view/17986247 DGPC],,Images from Wiki Loves Monuments 2022 in Portugal - Aveiro,[[Imagem:Camera-photo_Upload.svg|x60px|sub|alt=Carregar foto|link=https://commons.wikimedia.org/wiki/special:uploadWizard?campaign=wlm-pt&id=Q97098022&descriptionlang=pt&description=Muros%20do%20Canal%20Central%20de%20Aveiro%20-%20Aveiro%20-%20Portugal%20-%20-&categories=Images%20from%20Wiki%20Loves%20Monuments%202022%20in%20Portugal%20-%20Aveiro]],muro,sem protecção legal
http://www.wikidata.org/entity/Q66813032,Pensão Ferro,DGPC-6873445,Glória e Vera Cruz,Aveiro,[http://www.patrimoniocultural.gov.pt/pt/patrimonio/patrimonio-imovel/pesquisa-do-patrimonio/classificado-ou-em-vias-de-classificacao/geral/view/6873445 DGPC]<br>[http://www.monumentos.gov.pt/Site/APP_PagesUser/SIPA.aspx?id=609 SIPA],Pensão Ferro,Images from Wiki Loves Monuments 2022 in Portugal - Aveiro|Pensão Ferro,[[Imagem:Camera-photo_Upload.svg|x60px|sub|alt=Carregar foto|link=https://commons.wikimedia.org/wiki/special:uploadWizard?campaign=wlm-pt&id=Q66813032&descriptionlang=pt&description=Pens%C3%A3o%20Ferro%20-%20casa%20em%20Aveiro%2C%20Portugal&categories=Images%20from%20Wiki%20Loves%20Monuments%202022%20in%20Portugal%20-%20Aveiro%7CPens%C3%A3o%20Ferro]],casa,"Em vias de classificação, Imóvel de Interesse Municipal"
http://www.wikidata.org/entity/Q98349128,Residência Florentino Vicente Ferreira,DGPC-6873419,Glória e Vera Cruz,Aveiro,[http://www.patrimoniocultural.gov.pt/pt/patrimonio/patrimonio-imovel/pesquisa-do-patrimonio/classificado-ou-em-vias-de-classificacao/geral/view/6873419 DGPC]<br>[http://www.monumentos.gov.pt/Site/APP_PagesUser/SIPA.aspx?id=610 SIPA],Residência Florentino Vicente Ferreira,Images from Wiki Loves Monuments 2022 in Portugal - Aveiro|Residência Florentino Vicente Ferreira,[[Imagem:Camera-photo_Upload.svg|x60px|sub|alt=Carregar foto|link=https://commons.wikimedia.org/wiki/special:uploadWizard?campaign=wlm-pt&id=Q98349128&descriptionlang=pt&description=Resid%C3%AAncia%20Florentino%20Vicente%20Ferreira%20-%20Aveiro%20-%20Portugal%20-%20Arquitectura%20Civil%20%2F%20Casa&categories=Images%20from%20Wiki%20Loves%20Monuments%202022%20in%20Portugal%20-%20Aveiro%7CResid%C3%AAncia%20Florentino%20Vicente%20Ferreira]],casa,Monumento de Interesse Municipal
http://www.wikidata.org/entity/Q66813022,Residência Pompeu Figueiredo,DGPC-155607,Glória e Vera Cruz,Aveiro,[http://www.patrimoniocultural.gov.pt/pt/patrimonio/patrimonio-imovel/pesquisa-do-patrimonio/classificado-ou-em-vias-de-classificacao/geral/view/155607 DGPC]<br>[http://www.monumentos.gov.pt/Site/APP_PagesUser/SIPA.aspx?id=5336 SIPA],Residência Pompeu Figueiredo,Images from Wiki Loves Monuments 2022 in Portugal - Aveiro|Residência Pompeu Figueiredo,[[Imagem:Camera-photo_Upload.svg|x60px|sub|alt=Carregar foto|link=https://commons.wikimedia.org/wiki/special:uploadWizard?campaign=wlm-pt&id=Q66813022&descriptionlang=pt&description=Resid%C3%AAncia%20Pompeu%20Figueiredo%20-%20casa%20em%20Aveiro%2C%20Portugal&categories=Images%20from%20Wiki%20Loves%20Monuments%202022%20in%20Portugal%20-%20Aveiro%7CResid%C3%AAncia%20Pompeu%20Figueiredo]],casa,"Em vias de classificação, Monumento de Interesse Municipal"
http://www.wikidata.org/entity/Q66813023,Residência Silva Rocha,DGPC-155608,Glória e Vera Cruz,Aveiro,[http://www.patrimoniocultural.gov.pt/pt/patrimonio/patrimonio-imovel/pesquisa-do-patrimonio/classificado-ou-em-vias-de-classificacao/geral/view/155608 DGPC]<br>[http://www.monumentos.gov.pt/Site/APP_PagesUser/SIPA.aspx?id=5337 SIPA],Residência Silva Rocha,Images from Wiki Loves Monuments 2022 in Portugal - Aveiro|Residência Silva Rocha,[[Imagem:Camera-photo_Upload.svg|x60px|sub|alt=Carregar foto|link=https://commons.wikimedia.org/wiki/special:uploadWizard?campaign=wlm-pt&id=Q66813023&descriptionlang=pt&description=Resid%C3%AAncia%20Silva%20Rocha%20-%20casa%20em%20Aveiro%2C%20Portugal&categories=Images%20from%20Wiki%20Loves%20Monuments%202022%20in%20Portugal%20-%20Aveiro%7CResid%C3%AAncia%20Silva%20Rocha]],casa,Em vias de classificação
http://www.wikidata.org/entity/Q3663664,Sé de Aveiro,DGPC-73187,Glória e Vera Cruz,Aveiro,[http://www.patrimoniocultural.gov.pt/pt/patrimonio/patrimonio-imovel/pesquisa-do-patrimonio/classificado-ou-em-vias-de-classificacao/geral/view/73187 DGPC]<br>[http://www.monumentos.gov.pt/Site/APP_PagesUser/SIPA.aspx?id=238 SIPA],Sé Catedral de Aveiro,Images from Wiki Loves Monuments 2022 in Portugal - Aveiro|Sé Catedral de Aveiro,[[Imagem:Camera-photo_Upload.svg|x60px|sub|alt=Carregar foto|link=https://commons.wikimedia.org/wiki/special:uploadWizard?campaign=wlm-pt&id=Q3663664&descriptionlang=pt&description=S%C3%A9%20de%20Aveiro%20-%20catedral%20em%20Aveiro%2C%20Portugal&categories=Images%20from%20Wiki%20Loves%20Monuments%202022%20in%20Portugal%20-%20Aveiro%7CS%C3%A9%20Catedral%20de%20Aveiro]],catedral,Imóvel de Interesse Público
http://www.wikidata.org/entity/Q10378809,Teatro Aveirense,DGPC-155610,Glória e Vera Cruz,Aveiro,[http://www.patrimoniocultural.gov.pt/pt/patrimonio/patrimonio-imovel/pesquisa-do-patrimonio/classificado-ou-em-vias-de-classificacao/geral/view/155610 DGPC]<br>[http://www.monumentos.gov.pt/Site/APP_PagesUser/SIPA.aspx?id=594 SIPA],Teatro Aveirense,Images from Wiki Loves Monuments 2022 in Portugal - Aveiro|Teatro Aveirense,[[Imagem:Camera-photo_Upload.svg|x60px|sub|alt=Carregar foto|link=https://commons.wikimedia.org/wiki/special:uploadWizard?campaign=wlm-pt&id=Q10378809&descriptionlang=pt&description=Teatro%20Aveirense%20-%20teatro%20em%20Aveiro%2C%20Portugal&categories=Images%20from%20Wiki%20Loves%20Monuments%202022%20in%20Portugal%20-%20Aveiro%7CTeatro%20Aveirense]],teatro,Imóvel de Interesse Público
http://www.wikidata.org/entity/Q110160586,Tribunal Judicial de Aveiro,SIPA-16107,Glória e Vera Cruz,Aveiro,[http://www.monumentos.gov.pt/Site/APP_PagesUser/SIPA.aspx?id=16107 SIPA],Tribunal Judicial de Aveiro,Images from Wiki Loves Monuments 2022 in Portugal - Aveiro|Tribunal Judicial de Aveiro,[[Imagem:Camera-photo_Upload.svg|x60px|sub|alt=Carregar foto|link=https://commons.wikimedia.org/wiki/special:uploadWizard?campaign=wlm-pt&id=Q110160586&descriptionlang=pt&description=Tribunal%20Judicial%20de%20Aveiro&categories=Images%20from%20Wiki%20Loves%20Monuments%202022%20in%20Portugal%20-%20Aveiro%7CTribunal%20Judicial%20de%20Aveiro]],tribunal,Incluído em sítio classificado
http://www.wikidata.org/entity/Q98444769,Árvore isolada em Jardim Infante D. Pedro,ICNF-KNJ1/016,Glória e Vera Cruz,Aveiro,,,Images from Wiki Loves Monuments 2022 in Portugal - Aveiro,[[Imagem:Camera-photo_Upload.svg|x60px|sub|alt=Carregar foto|link=https://commons.wikimedia.org/wiki/special:uploadWizard?campaign=wlm-pt&id=Q98444769&descriptionlang=pt&description=%C3%81rvore%20isolada%20em%20Jardim%20Infante%20D.%20Pedro%20-%20arauc%C3%A1ria-de-norfolk%20em%20Jardim%20Infante%20D.%20Pedro&categories=Images%20from%20Wiki%20Loves%20Monuments%202022%20in%20Portugal%20-%20Aveiro]],Árvore de Interesse Público,
http://www.wikidata.org/entity/Q39713792,Igreja do Convento de Santo António,DGPC-327669,Santa Joana,Aveiro,[http://www.patrimoniocultural.gov.pt/pt/patrimonio/patrimonio-imovel/pesquisa-do-patrimonio/classificado-ou-em-vias-de-classificacao/geral/view/327669 DGPC]<br>[http://www.monumentos.gov.pt/Site/APP_PagesUser/SIPA.aspx?id=655 SIPA],Igreja do Convento de Santo António (Aveiro),Images from Wiki Loves Monuments 2022 in Portugal - Aveiro|Igreja do Convento de Santo António (Aveiro),[[Imagem:Camera-photo_Upload.svg|x60px|sub|alt=Carregar foto|link=https://commons.wikimedia.org/wiki/special:uploadWizard?campaign=wlm-pt&id=Q39713792&descriptionlang=pt&description=Igreja%20do%20Convento%20de%20Santo%20Ant%C3%B3nio&categories=Images%20from%20Wiki%20Loves%20Monuments%202022%20in%20Portugal%20-%20Aveiro%7CIgreja%20do%20Convento%20de%20Santo%20Ant%C3%B3nio%20%28Aveiro%29]],"convento, igreja",Monumento Nacional
http://www.wikidata.org/entity/Q49330753,Mata de São Jacinto,DGPC-6874204,São Jacinto,Aveiro,[http://www.patrimoniocultural.gov.pt/pt/patrimonio/patrimonio-imovel/pesquisa-do-patrimonio/classificado-ou-em-vias-de-classificacao/geral/view/6874204 DGPC],,Images from Wiki Loves Monuments 2022 in Portugal - Aveiro,[[Imagem:Camera-photo_Upload.svg|x60px|sub|alt=Carregar foto|link=https://commons.wikimedia.org/wiki/special:uploadWizard?campaign=wlm-pt&id=Q49330753&descriptionlang=pt&description=Mata%20de%20S%C3%A3o%20Jacinto&categories=Images%20from%20Wiki%20Loves%20Monuments%202022%20in%20Portugal%20-%20Aveiro]],floresta,sem protecção legal
http://www.wikidata.org/entity/Q105848873,Capela das Fontainhas,SIPA-247,Fornos,Castelo de Paiva,[http://www.monumentos.gov.pt/Site/APP_PagesUser/SIPA.aspx?id=247 SIPA],,Images from Wiki Loves Monuments 2022 in Portugal - Aveiro,[[Imagem:Camera-photo_Upload.svg|x60px|sub|alt=Carregar foto|link=https://commons.wikimedia.org/wiki/special:uploadWizard?campaign=wlm-pt&id=Q105848873&descriptionlang=pt&description=Capela%20das%20Fontainhas&categories=Images%20from%20Wiki%20Loves%20Monuments%202022%20in%20Portugal%20-%20Aveiro]],capela,Em estudo
http://www.wikidata.org/entity/Q98310065,Casa da Cardia,DGPC-6691587,Fornos,Castelo de Paiva,[http://www.patrimoniocultural.gov.pt/pt/patrimonio/patrimonio-imovel/pesquisa-do-patrimonio/classificado-ou-em-vias-de-classificacao/geral/view/6691587 DGPC]<br>[http://www.monumentos.gov.pt/Site/APP_PagesUser/SIPA.aspx?id=248 SIPA],,Images from Wiki Loves Monuments 2022 in Portugal - Aveiro,[[Imagem:Camera-photo_Upload.svg|x60px|sub|alt=Carregar foto|link=https://commons.wikimedia.org/wiki/special:uploadWizard?campaign=wlm-pt&id=Q98310065&descriptionlang=pt&description=Casa%20da%20Cardia%20-%20Castelo%20de%20Paiva%20-%20Portugal%20-%20Arquitectura%20Civil%20%2F%20Quinta&categories=Images%20from%20Wiki%20Loves%20Monuments%202022%20in%20Portugal%20-%20Aveiro]],"quinta, casa",sem protecção legal
http://www.wikidata.org/entity/Q105855544,Quinta das Eirinhas,SIPA-35912,Fornos,Castelo de Paiva,[http://www.monumentos.gov.pt/Site/APP_PagesUser/SIPA.aspx?id=35912 SIPA],,Images from Wiki Loves Monuments 2022 in Portugal - Aveiro,[[Imagem:Camera-photo_Upload.svg|x60px|sub|alt=Carregar foto|link=https://commons.wikimedia.org/wiki/special:uploadWizard?campaign=wlm-pt&id=Q105855544&descriptionlang=pt&description=Quinta%20das%20Eirinhas&categories=Images%20from%20Wiki%20Loves%20Monuments%202022%20in%20Portugal%20-%20Aveiro]],quinta,Em estudo
http://www.wikidata.org/entity/Q10348176,Pelourinho de Raiva,DGPC-74433,"Raiva, Pedorido e Paraíso",Castelo de Paiva,[http://www.patrimoniocultural.gov.pt/pt/patrimonio/patrimonio-imovel/pesquisa-do-patrimonio/classificado-ou-em-vias-de-classificacao/geral/view/74433 DGPC]<br>[http://www.monumentos.gov.pt/Site/APP_PagesUser/SIPA.aspx?id=6448 SIPA],,Images from Wiki Loves Monuments 2022 in Portugal - Aveiro,[[Imagem:Camera-photo_Upload.svg|x60px|sub|alt=Carregar foto|link=https://commons.wikimedia.org/wiki/special:uploadWizard?campaign=wlm-pt&id=Q10348176&descriptionlang=pt&description=Pelourinho%20de%20Raiva%20-%20pelourinho%20em%20Castelo%20de%20Paiva%2C%20Portugal&categories=Images%20from%20Wiki%20Loves%20Monuments%202022%20in%20Portugal%20-%20Aveiro]],pelourinho,Imóvel de Interesse Público
http://www.wikidata.org/entity/Q96213731,Ponte Velha de Pedorido,DGPC-19218650,"Raiva, Pedorido e Paraíso",Castelo de Paiva,[http://www.patrimoniocultural.gov.pt/pt/patrimonio/patrimonio-imovel/pesquisa-do-patrimonio/classificado-ou-em-vias-de-classificacao/geral/view/19218650 DGPC],,Images from Wiki Loves Monuments 2022 in Portugal - Aveiro,[[Imagem:Camera-photo_Upload.svg|x60px|sub|alt=Carregar foto|link=https://commons.wikimedia.org/wiki/special:uploadWizard?campaign=wlm-pt&id=Q96213731&descriptionlang=pt&description=Ponte%20Velha%20de%20Pedorido%20-%20ponte%20em%20Castelo%20de%20Paiva%2C%20Portugal&categories=Images%20from%20Wiki%20Loves%20Monuments%202022%20in%20Portugal%20-%20Aveiro]],ponte,sem protecção legal
http://www.wikidata.org/entity/Q97067158,Quinta das Fontaínhas,DGPC-4077831,"Raiva, Pedorido e Paraíso",Castelo de Paiva,[http://www.patrimoniocultural.gov.pt/pt/patrimonio/patrimonio-imovel/pesquisa-do-patrimonio/classificado-ou-em-vias-de-classificacao/geral/view/4077831 DGPC],,Images from Wiki Loves Monuments 2022 in Portugal - Aveiro,[[Imagem:Camera-photo_Upload.svg|x60px|sub|alt=Carregar foto|link=https://commons.wikimedia.org/wiki/special:uploadWizard?campaign=wlm-pt&id=Q97067158&descriptionlang=pt&description=Quinta%20das%20Fonta%C3%ADnhas%20-%20Castelo%20de%20Paiva%20-%20Portugal%20-%20Arquitectura%20Civil%20%2F%20Quinta&categories=Images%20from%20Wiki%20Loves%20Monuments%202022%20in%20Portugal%20-%20Aveiro]],quinta,sem protecção legal
http://www.wikidata.org/entity/Q66813038,"Igreja de Santa Marinha, paroquial de Real, incluindo o património móvel integrado, e respetivo adro e escadaria",DGPC-71602,Real,Castelo de Paiva,[http://www.patrimoniocultural.gov.pt/pt/patrimonio/patrimonio-imovel/pesquisa-do-patrimonio/classificado-ou-em-vias-de-classificacao/geral/view/71602 DGPC]<br>[http://www.monumentos.gov.pt/Site/APP_PagesUser/SIPA.aspx?id=265 SIPA],,Images from Wiki Loves Monuments 2022 in Portugal - Aveiro,[[Imagem:Camera-photo_Upload.svg|x60px|sub|alt=Carregar foto|link=https://commons.wikimedia.org/wiki/special:uploadWizard?campaign=wlm-pt&id=Q66813038&descriptionlang=pt&description=Igreja%20de%20Santa%20Marinha%2C%20paroquial%20de%20Real%2C%20incluindo%20o%20patrim%C3%B3nio%20m%C3%B3vel%20integrado%2C%20e%20respetivo%20adro%20e%20escadaria%20-%20igreja%20em%20Castelo%20de%20Paiva%2C%20Portugal&categories=Images%20from%20Wiki%20Loves%20Monuments%202022%20in%20Portugal%20-%20Aveiro]],igreja,Monumento de Interesse Público
http://www.wikidata.org/entity/Q66813034,Anta do Vale da Rua,DGPC-70194,Sobrado e Bairros,Castelo de Paiva,[http://www.patrimoniocultural.gov.pt/pt/patrimonio/patrimonio-imovel/pesquisa-do-patrimonio/classificado-ou-em-vias-de-classificacao/geral/view/70194 DGPC]<br>[http://www.monumentos.gov.pt/Site/APP_PagesUser/SIPA.aspx?id=5689 SIPA],,Images from Wiki Loves Monuments 2022 in Portugal - Aveiro,[[Imagem:Camera-photo_Upload.svg|x60px|sub|alt=Carregar foto|link=https://commons.wikimedia.org/wiki/special:uploadWizard?campaign=wlm-pt&id=Q66813034&descriptionlang=pt&description=Anta%20do%20Vale%20da%20Rua%20-%20anta%20em%20Castelo%20de%20Paiva%2C%20Portugal&categories=Images%20from%20Wiki%20Loves%20Monuments%202022%20in%20Portugal%20-%20Aveiro]],dólmen,Monumento Nacional
http://www.wikidata.org/entity/Q66813036,Capela da Quinta de Vegide,DGPC-70909,Sobrado e Bairros,Castelo de Paiva,[http://www.patrimoniocultural.gov.pt/pt/patrimonio/patrimonio-imovel/pesquisa-do-patrimonio/classificado-ou-em-vias-de-classificacao/geral/view/70909 DGPC]<br>[http://www.monumentos.gov.pt/Site/APP_PagesUser/SIPA.aspx?id=869 SIPA],,Images from Wiki Loves Monuments 2022 in Portugal - Aveiro,[[Imagem:Camera-photo_Upload.svg|x60px|sub|alt=Carregar foto|link=https://commons.wikimedia.org/wiki/special:uploadWizard?campaign=wlm-pt&id=Q66813036&descriptionlang=pt&description=Capela%20da%20Quinta%20de%20Vegide%20-%20capela%20em%20Castelo%20de%20Paiva%2C%20Portugal&categories=Images%20from%20Wiki%20Loves%20Monuments%202022%20in%20Portugal%20-%20Aveiro]],capela,Imóvel de Interesse Municipal
http://www.wikidata.org/entity/Q66813039,Casa da Quinta da Fisga,DGPC-72993,Sobrado e Bairros,Castelo de Paiva,[http://www.patrimoniocultural.gov.pt/pt/patrimonio/patrimonio-imovel/pesquisa-do-patrimonio/classificado-ou-em-vias-de-classificacao/geral/view/72993 DGPC]<br>[http://www.monumentos.gov.pt/Site/APP_PagesUser/SIPA.aspx?id=6450 SIPA],,Images from Wiki Loves Monuments 2022 in Portugal - Aveiro,[[Imagem:Camera-photo_Upload.svg|x60px|sub|alt=Carregar foto|link=https://commons.wikimedia.org/wiki/special:uploadWizard?campaign=wlm-pt&id=Q66813039&descriptionlang=pt&description=Casa%20da%20Quinta%20da%20Fisga%20-%20quinta%20em%20Castelo%20de%20Paiva%2C%20Portugal&categories=Images%20from%20Wiki%20Loves%20Monuments%202022%20in%20Portugal%20-%20Aveiro]],quinta,Imóvel de Interesse Público
http://www.wikidata.org/entity/Q66813041,"Casa e Quinta da Boavista, integrando a fonte existente nos jardins",DGPC-4384427,Sobrado e Bairros,Castelo de Paiva,[http://www.patrimoniocultural.gov.pt/pt/patrimonio/patrimonio-imovel/pesquisa-do-patrimonio/classificado-ou-em-vias-de-classificacao/geral/view/4384427 DGPC]<br>[http://www.monumentos.gov.pt/Site/APP_PagesUser/SIPA.aspx?id=864 SIPA],,Images from Wiki Loves Monuments 2022 in Portugal - Aveiro,[[Imagem:Camera-photo_Upload.svg|x60px|sub|alt=Carregar foto|link=https://commons.wikimedia.org/wiki/special:uploadWizard?campaign=wlm-pt&id=Q66813041&descriptionlang=pt&description=Casa%20e%20Quinta%20da%20Boavista%2C%20integrando%20a%20fonte%20existente%20nos%20jardins%20-%20quinta%20em%20Castelo%20de%20Paiva%2C%20Portugal&categories=Images%20from%20Wiki%20Loves%20Monuments%202022%20in%20Portugal%20-%20Aveiro]],quinta,Monumento de Interesse Público
http://www.wikidata.org/entity/Q66813037,Edifício da Cadeia,DGPC-70910,Sobrado e Bairros,Castelo de Paiva,[http://www.patrimoniocultural.gov.pt/pt/patrimonio/patrimonio-imovel/pesquisa-do-patrimonio/classificado-ou-em-vias-de-classificacao/geral/view/70910 DGPC]<br>[http://www.monumentos.gov.pt/Site/APP_PagesUser/SIPA.aspx?id=6452 SIPA],,Images from Wiki Loves Monuments 2022 in Portugal - Aveiro,[[Imagem:Camera-photo_Upload.svg|x60px|sub|alt=Carregar foto|link=https://commons.wikimedia.org/wiki/special:uploadWizard?campaign=wlm-pt&id=Q66813037&descriptionlang=pt&description=Edif%C3%ADcio%20da%20Cadeia%20-%20edif%C3%ADcio%20em%20Castelo%20de%20Paiva%2C%20Portugal&categories=Images%20from%20Wiki%20Loves%20Monuments%202022%20in%20Portugal%20-%20Aveiro]],edifício,Imóvel de Interesse Municipal
http://www.wikidata.org/entity/Q66813040,Fonte dos Jardins da Quinta da Boavista,DGPC-73681,Sobrado e Bairros,Castelo de Paiva,[http://www.patrimoniocultural.gov.pt/pt/patrimonio/patrimonio-imovel/pesquisa-do-patrimonio/classificado-ou-em-vias-de-classificacao/geral/view/73681 DGPC]<br>[http://www.monumentos.gov.pt/Site/APP_PagesUser/SIPA.aspx?id=6451 SIPA],,Images from Wiki Loves Monuments 2022 in Portugal - Aveiro,[[Imagem:Camera-photo_Upload.svg|x60px|sub|alt=Carregar foto|link=https://commons.wikimedia.org/wiki/special:uploadWizard?campaign=wlm-pt&id=Q66813040&descriptionlang=pt&description=Fonte%20dos%20Jardins%20da%20Quinta%20da%20Boavista%20-%20fonte%20em%20Castelo%20de%20Paiva%2C%20Portugal&categories=Images%20from%20Wiki%20Loves%20Monuments%202022%20in%20Portugal%20-%20Aveiro]],fontanário,Imóvel de Interesse Público
http://www.wikidata.org/entity/Q9031452,Monumento funerário do Sobral,DGPC-70193,Sobrado e Bairros,Castelo de Paiva,[http://www.patrimoniocultural.gov.pt/pt/patrimonio/patrimonio-imovel/pesquisa-do-patrimonio/classificado-ou-em-vias-de-classificacao/geral/view/70193 DGPC]<br>[http://www.monumentos.gov.pt/Site/APP_PagesUser/SIPA.aspx?id=262 SIPA],,Images from Wiki Loves Monuments 2022 in Portugal - Aveiro,[[Imagem:Camera-photo_Upload.svg|x60px|sub|alt=Carregar foto|link=https://commons.wikimedia.org/wiki/special:uploadWizard?campaign=wlm-pt&id=Q9031452&descriptionlang=pt&description=Monumento%20funer%C3%A1rio%20do%20Sobral%20-%20monumento%20em%20Sobrado%2C%20munic%C3%ADpio%20de%20Castelo%20de%20Piva&categories=Images%20from%20Wiki%20Loves%20Monuments%202022%20in%20Portugal%20-%20Aveiro]],tumba,Monumento Nacional
http://www.wikidata.org/entity/Q66813035,Penedo de Vegide com duas sepulturas escavadas,DGPC-70897,Sobrado e Bairros,Castelo de Paiva,[http://www.patrimoniocultural.gov.pt/pt/patrimonio/patrimonio-imovel/pesquisa-do-patrimonio/classificado-ou-em-vias-de-classificacao/geral/view/70897 DGPC]<br>[http://www.monumentos.gov.pt/Site/APP_PagesUser/SIPA.aspx?id=890 SIPA],,Images from Wiki Loves Monuments 2022 in Portugal - Aveiro,[[Imagem:Camera-photo_Upload.svg|x60px|sub|alt=Carregar foto|link=https://commons.wikimedia.org/wiki/special:uploadWizard?campaign=wlm-pt&id=Q66813035&descriptionlang=pt&description=Penedo%20de%20Vegide%20com%20duas%20sepulturas%20escavadas%20-%20sepultura%20em%20Castelo%20de%20Paiva%2C%20Portugal&categories=Images%20from%20Wiki%20Loves%20Monuments%202022%20in%20Portugal%20-%20Aveiro]],túmulo,Imóvel de Interesse Municipal
http://www.wikidata.org/entity/Q105855237,Portal da Serrada,SIPA-645,Sobrado e Bairros,Castelo de Paiva,[http://www.monumentos.gov.pt/Site/APP_PagesUser/SIPA.aspx?id=645 SIPA],,Images from Wiki Loves Monuments 2022 in Portugal - Aveiro,[[Imagem:Camera-photo_Upload.svg|x60px|sub|alt=Carregar foto|link=https://commons.wikimedia.org/wiki/special:uploadWizard?campaign=wlm-pt&id=Q105855237&descriptionlang=pt&description=Portal%20da%20Serrada&categories=Images%20from%20Wiki%20Loves%20Monuments%202022%20in%20Portugal%20-%20Aveiro]],portão,Em estudo
http://www.wikidata.org/entity/Q98286234,"Casa ""Arte Nova"", Sede do Sporting Club de Espinho",DGPC-71761,Espinho,Espinho,[http://www.patrimoniocultural.gov.pt/pt/patrimonio/patrimonio-imovel/pesquisa-do-patrimonio/classificado-ou-em-vias-de-classificacao/geral/view/71761 DGPC]<br>[http://www.monumentos.gov.pt/Site/APP_PagesUser/SIPA.aspx?id=794 SIPA],"Casa ""Arte Nova"", Sede do Sporting Club de Espinho","Images from Wiki Loves Monuments 2022 in Portugal - Aveiro|Casa ""Arte Nova"", Sede do Sporting Club de Espinho",[[Imagem:Camera-photo_Upload.svg|x60px|sub|alt=Carregar foto|link=https://commons.wikimedia.org/wiki/special:uploadWizard?campaign=wlm-pt&id=Q98286234&descriptionlang=pt&description=Casa%20%22Arte%20Nova%22%2C%20Sede%20do%20Sporting%20Club%20de%20Espinho%20-%20Espinho%20-%20Portugal%20-%20Arquitectura%20Civil%20%2F%20Casa&categories=Images%20from%20Wiki%20Loves%20Monuments%202022%20in%20Portugal%20-%20Aveiro%7CCasa%20%22Arte%20Nova%22%2C%20Sede%20do%20Sporting%20Club%20de%20Espinho]],casa,sem protecção legal
http://www.wikidata.org/entity/Q105853624,Casa na Rua 20 e 23,SIPA-29483,Espinho,Espinho,[http://www.monumentos.gov.pt/Site/APP_PagesUser/SIPA.aspx?id=29483 SIPA],,Images from Wiki Loves Monuments 2022 in Portugal - Aveiro,[[Imagem:Camera-photo_Upload.svg|x60px|sub|alt=Carregar foto|link=https://commons.wikimedia.org/wiki/special:uploadWizard?campaign=wlm-pt&id=Q105853624&descriptionlang=pt&description=Casa%20na%20Rua%2020%20e%2023&categories=Images%20from%20Wiki%20Loves%20Monuments%202022%20in%20Portugal%20-%20Aveiro]],casa,Em estudo
http://www.wikidata.org/entity/Q97364588,Edifício da Pensão Particular,DGPC-6558654,Espinho,Espinho,[http://www.patrimoniocultural.gov.pt/pt/patrimonio/patrimonio-imovel/pesquisa-do-patrimonio/classificado-ou-em-vias-de-classificacao/geral/view/6558654 DGPC],,Images from Wiki Loves Monuments 2022 in Portugal - Aveiro,[[Imagem:Camera-photo_Upload.svg|x60px|sub|alt=Carregar foto|link=https://commons.wikimedia.org/wiki/special:uploadWizard?campaign=wlm-pt&id=Q97364588&descriptionlang=pt&description=Edif%C3%ADcio%20da%20Pens%C3%A3o%20Particular%20-%20Espinho%20-%20Portugal%20-%20Arquitectura%20Civil%20%2F%20Edif%C3%ADcio&categories=Images%20from%20Wiki%20Loves%20Monuments%202022%20in%20Portugal%20-%20Aveiro]],edifício,sem protecção legal
http://www.wikidata.org/entity/Q105855161,Palacete Rosa Pena,SIPA-29422,Espinho,Espinho,[http://www.monumentos.gov.pt/Site/APP_PagesUser/SIPA.aspx?id=29422 SIPA],,Images from Wiki Loves Monuments 2022 in Portugal - Aveiro,[[Imagem:Camera-photo_Upload.svg|x60px|sub|alt=Carregar foto|link=https://commons.wikimedia.org/wiki/special:uploadWizard?campaign=wlm-pt&id=Q105855161&descriptionlang=pt&description=Palacete%20Rosa%20Pena&categories=Images%20from%20Wiki%20Loves%20Monuments%202022%20in%20Portugal%20-%20Aveiro]],mansão,Em estudo
http://www.wikidata.org/entity/Q9706885,Castro de Ovil,DGPC-71009,Paramos,Espinho,[http://www.patrimoniocultural.gov.pt/pt/patrimonio/patrimonio-imovel/pesquisa-do-patrimonio/classificado-ou-em-vias-de-classificacao/geral/view/71009 DGPC]<br>[http://www.monumentos.gov.pt/Site/APP_PagesUser/SIPA.aspx?id=731 SIPA],Castro de Ovil,Images from Wiki Loves Monuments 2022 in Portugal - Aveiro|Castro de Ovil,[[Imagem:Camera-photo_Upload.svg|x60px|sub|alt=Carregar foto|link=https://commons.wikimedia.org/wiki/special:uploadWizard?campaign=wlm-pt&id=Q9706885&descriptionlang=pt&description=Castro%20de%20Ovil%20-%20castro%20em%20Espinho%2C%20Portugal&categories=Images%20from%20Wiki%20Loves%20Monuments%202022%20in%20Portugal%20-%20Aveiro%7CCastro%20de%20Ovil]],"sítio arqueológico, castro",Imóvel de Interesse Municipal
http://www.wikidata.org/entity/Q105855677,Solar dos Pintos,SIPA-26255,Paramos,Espinho,[http://www.monumentos.gov.pt/Site/APP_PagesUser/SIPA.aspx?id=26255 SIPA],,Images from Wiki Loves Monuments 2022 in Portugal - Aveiro,[[Imagem:Camera-photo_Upload.svg|x60px|sub|alt=Carregar foto|link=https://commons.wikimedia.org/wiki/special:uploadWizard?campaign=wlm-pt&id=Q105855677&descriptionlang=pt&description=Solar%20dos%20Pintos&categories=Images%20from%20Wiki%20Loves%20Monuments%202022%20in%20Portugal%20-%20Aveiro]],solar,Em estudo
http://www.wikidata.org/entity/Q98348841,Bairro Piscatório de Espinho,DGPC-11032422,Silvalde,Espinho,[http://www.patrimoniocultural.gov.pt/pt/patrimonio/patrimonio-imovel/pesquisa-do-patrimonio/classificado-ou-em-vias-de-classificacao/geral/view/11032422 DGPC]<br>[http://www.monumentos.gov.pt/Site/APP_PagesUser/SIPA.aspx?id=29423 SIPA],Bairro Piscatório de Espinho,Images from Wiki Loves Monuments 2022 in Portugal - Aveiro|Bairro Piscatório de Espinho,[[Imagem:Camera-photo_Upload.svg|x60px|sub|alt=Carregar foto|link=https://commons.wikimedia.org/wiki/special:uploadWizard?campaign=wlm-pt&id=Q98348841&descriptionlang=pt&description=Bairro%20Piscat%C3%B3rio%20de%20Espinho%20-%20Espinho%20-%20Portugal%20-%20-&categories=Images%20from%20Wiki%20Loves%20Monuments%202022%20in%20Portugal%20-%20Aveiro%7CBairro%20Piscat%C3%B3rio%20de%20Espinho]],bairro,sem protecção legal
http://www.wikidata.org/entity/Q66813044,Casa do Outeiro e Capela,DGPC-74893,Avanca,Estarreja,[http://www.patrimoniocultural.gov.pt/pt/patrimonio/patrimonio-imovel/pesquisa-do-patrimonio/classificado-ou-em-vias-de-classificacao/geral/view/74893 DGPC]<br>[http://www.monumentos.gov.pt/Site/APP_PagesUser/SIPA.aspx?id=643 SIPA],,Images from Wiki Loves Monuments 2022 in Portugal - Aveiro,[[Imagem:Camera-photo_Upload.svg|x60px|sub|alt=Carregar foto|link=https://commons.wikimedia.org/wiki/special:uploadWizard?campaign=wlm-pt&id=Q66813044&descriptionlang=pt&description=Casa%20do%20Outeiro%20e%20Capela%20-%20conjunto%20em%20Estarreja%2C%20Portugal&categories=Images%20from%20Wiki%20Loves%20Monuments%202022%20in%20Portugal%20-%20Aveiro]],conjunto urbano,Imóvel de Interesse Público
http://www.wikidata.org/entity/Q9698013,Casa-Museu Egas Moniz,DGPC-74894,Avanca,Estarreja,[http://www.patrimoniocultural.gov.pt/pt/patrimonio/patrimonio-imovel/pesquisa-do-patrimonio/classificado-ou-em-vias-de-classificacao/geral/view/74894 DGPC]<br>[http://www.monumentos.gov.pt/Site/APP_PagesUser/SIPA.aspx?id=652 SIPA],Casa-Museu Egas Moniz,Images from Wiki Loves Monuments 2022 in Portugal - Aveiro|Casa-Museu Egas Moniz,[[Imagem:Camera-photo_Upload.svg|x60px|sub|alt=Carregar foto|link=https://commons.wikimedia.org/wiki/special:uploadWizard?campaign=wlm-pt&id=Q9698013&descriptionlang=pt&description=Casa-Museu%20Egas%20Moniz%20-%20casa-museu%20em%20Estarreja%2C%20Portugal&categories=Images%20from%20Wiki%20Loves%20Monuments%202022%20in%20Portugal%20-%20Aveiro%7CCasa-Museu%20Egas%20Moniz]],"museu, casa",Imóvel de Interesse Público
http://www.wikidata.org/entity/Q98430056,CTT de Estarreja,DGPC-10969285,Beduído e Veiros,Estarreja,[http://www.patrimoniocultural.gov.pt/pt/patrimonio/patrimonio-imovel/pesquisa-do-patrimonio/classificado-ou-em-vias-de-classificacao/geral/view/10969285 DGPC]<br>[http://www.monumentos.gov.pt/Site/APP_PagesUser/SIPA.aspx?id=21172 SIPA],,Images from Wiki Loves Monuments 2022 in Portugal - Aveiro,[[Imagem:Camera-photo_Upload.svg|x60px|sub|alt=Carregar foto|link=https://commons.wikimedia.org/wiki/special:uploadWizard?campaign=wlm-pt&id=Q98430056&descriptionlang=pt&description=CTT%20de%20Estarreja%20-%20Estarreja%20-%20Portugal%20-%20-&categories=Images%20from%20Wiki%20Loves%20Monuments%202022%20in%20Portugal%20-%20Aveiro]],posto de correio,sem protecção legal
http://www.wikidata.org/entity/Q66813042,Cine-Teatro de Estarreja,DGPC-70990,Beduído e Veiros,Estarreja,[http://www.patrimoniocultural.gov.pt/pt/patrimonio/patrimonio-imovel/pesquisa-do-patrimonio/classificado-ou-em-vias-de-classificacao/geral/view/70990 DGPC]<br>[http://www.monumentos.gov.pt/Site/APP_PagesUser/SIPA.aspx?id=616 SIPA],,Images from Wiki Loves Monuments 2022 in Portugal - Aveiro,[[Imagem:Camera-photo_Upload.svg|x60px|sub|alt=Carregar foto|link=https://commons.wikimedia.org/wiki/special:uploadWizard?campaign=wlm-pt&id=Q66813042&descriptionlang=pt&description=Cine-Teatro%20de%20Estarreja%20-%20cine-teatro%20em%20Estarreja%2C%20Portugal&categories=Images%20from%20Wiki%20Loves%20Monuments%202022%20in%20Portugal%20-%20Aveiro]],teatro,Imóvel de Interesse Municipal
http://www.wikidata.org/entity/Q98444761,Árvore isolada em Largo de São Geraldo,ICNF-KNJ1/273,Beduído e Veiros,Estarreja,,,Images from Wiki Loves Monuments 2022 in Portugal - Aveiro,[[Imagem:Camera-photo_Upload.svg|x60px|sub|alt=Carregar foto|link=https://commons.wikimedia.org/wiki/special:uploadWizard?campaign=wlm-pt&id=Q98444761&descriptionlang=pt&description=%C3%81rvore%20isolada%20em%20Largo%20de%20S%C3%A3o%20Geraldo%20-%20sobreiro%20em%20Largo%20de%20S%C3%A3o%20Geraldo&categories=Images%20from%20Wiki%20Loves%20Monuments%202022%20in%20Portugal%20-%20Aveiro]],Árvore de Interesse Público,
http://www.wikidata.org/entity/Q99245467,Conjunto da Barroca do Retiro ou Casa da Barroca,DGPC-18508840,Canelas e Fermelã,Estarreja,[http://www.patrimoniocultural.gov.pt/pt/patrimonio/patrimonio-imovel/pesquisa-do-patrimonio/classificado-ou-em-vias-de-classificacao/geral/view/18508840 DGPC]<br>[http://www.monumentos.gov.pt/Site/APP_PagesUser/SIPA.aspx?id=8625 SIPA],,Images from Wiki Loves Monuments 2022 in Portugal - Aveiro,[[Imagem:Camera-photo_Upload.svg|x60px|sub|alt=Carregar foto|link=https://commons.wikimedia.org/wiki/special:uploadWizard?campaign=wlm-pt&id=Q99245467&descriptionlang=pt&description=Conjunto%20da%20Barroca%20do%20Retiro%20ou%20Casa%20da%20Barroca%20-%20Estarreja%20-%20Portugal%20-%20-&categories=Images%20from%20Wiki%20Loves%20Monuments%202022%20in%20Portugal%20-%20Aveiro]],"capela, casa, conjunto de edifícios",sem protecção legal
http://www.wikidata.org/entity/Q66813045,Casa de Francisco Maria de Oliveira Simões,DGPC-155647,Salreu,Estarreja,[http://www.patrimoniocultural.gov.pt/pt/patrimonio/patrimonio-imovel/pesquisa-do-patrimonio/classificado-ou-em-vias-de-classificacao/geral/view/155647 DGPC]<br>[http://www.monumentos.gov.pt/Site/APP_PagesUser/SIPA.aspx?id=240 SIPA],Casa de Francisco Maria de Oliveira Simões,Images from Wiki Loves Monuments 2022 in Portugal - Aveiro|Casa de Francisco Maria de Oliveira Simões,[[Imagem:Camera-photo_Upload.svg|x60px|sub|alt=Carregar foto|link=https://commons.wikimedia.org/wiki/special:uploadWizard?campaign=wlm-pt&id=Q66813045&descriptionlang=pt&description=Casa%20de%20Francisco%20Maria%20de%20Oliveira%20Sim%C3%B5es%20-%20casa%20em%20Estarreja%2C%20Portugal&categories=Images%20from%20Wiki%20Loves%20Monuments%202022%20in%20Portugal%20-%20Aveiro%7CCasa%20de%20Francisco%20Maria%20de%20Oliveira%20Sim%C3%B5es]],casa,Imóvel de Interesse Público
http://www.wikidata.org/entity/Q66813049,Estação da Mala-Posta de Carquejo,DGPC-72397,Casal Comba,Mealhada,[http://www.patrimoniocultural.gov.pt/pt/patrimonio/patrimonio-imovel/pesquisa-do-patrimonio/classificado-ou-em-vias-de-classificacao/geral/view/72397 DGPC]<br>[http://www.monumentos.gov.pt/Site/APP_PagesUser/SIPA.aspx?id=2611 SIPA],Estação da Mala-Posta de Carquejo,Images from Wiki Loves Monuments 2022 in Portugal - Aveiro|Estação da Mala-Posta de Carquejo,[[Imagem:Camera-photo_Upload.svg|x60px|sub|alt=Carregar foto|link=https://commons.wikimedia.org/wiki/special:uploadWizard?campaign=wlm-pt&id=Q66813049&descriptionlang=pt&description=Esta%C3%A7%C3%A3o%20da%20Mala-Posta%20de%20Carquejo%20-%20esta%C3%A7%C3%A3o%20de%20malaposta%20em%20Mealhada%2C%20Portugal&categories=Images%20from%20Wiki%20Loves%20Monuments%202022%20in%20Portugal%20-%20Aveiro%7CEsta%C3%A7%C3%A3o%20da%20Mala-Posta%20de%20Carquejo]],"estação, edifício",Imóvel de Interesse Público
http://www.wikidata.org/entity/Q98443726,Alameda em Mata Nacional do Buçaco - Rua dos Fetos,ICNFAIP01110432C,Luso,Mealhada,,,Images from Wiki Loves Monuments 2022 in Portugal - Aveiro,[[Imagem:Camera-photo_Upload.svg|x60px|sub|alt=Carregar foto|link=https://commons.wikimedia.org/wiki/special:uploadWizard?campaign=wlm-pt&id=Q98443726&descriptionlang=pt&description=Alameda%20em%20Mata%20Nacional%20do%20Bu%C3%A7aco%20-%20Rua%20dos%20Fetos%20-%20fetos%20arb%C3%B3reos%20em%20Mata%20Nacional%20do%20Bu%C3%A7aco%20-%20Rua%20dos%20Fetos&categories=Images%20from%20Wiki%20Loves%20Monuments%202022%20in%20Portugal%20-%20Aveiro]],"grupo, grove",
http://www.wikidata.org/entity/Q97621523,Alameda em Mata Nacional do Buçaco - Vale de São Silvestre,ICNFAIP01110433C,Luso,Mealhada,,,Images from Wiki Loves Monuments 2022 in Portugal - Aveiro,[[Imagem:Camera-photo_Upload.svg|x60px|sub|alt=Carregar foto|link=https://commons.wikimedia.org/wiki/special:uploadWizard?campaign=wlm-pt&id=Q97621523&descriptionlang=pt&description=Alameda%20em%20Mata%20Nacional%20do%20Bu%C3%A7aco%20-%20Vale%20de%20S%C3%A3o%20Silvestre%20-%20fetos%20arb%C3%B3reos%20em%20Mata%20Nacional%20do%20Bu%C3%A7aco%20-%20Vale%20de%20S%C3%A3o%20Silvestre&categories=Images%20from%20Wiki%20Loves%20Monuments%202022%20in%20Portugal%20-%20Aveiro]],Árvore de Interesse Público,
http://www.wikidata.org/entity/Q98443733,"Alameda em Mata Nacional do Buçaco - no cimo do Vale de São Silvestre, na curva da estrada",ICNFAIP01110415C,Luso,Mealhada,,,Images from Wiki Loves Monuments 2022 in Portugal - Aveiro,[[Imagem:Camera-photo_Upload.svg|x60px|sub|alt=Carregar foto|link=https://commons.wikimedia.org/wiki/special:uploadWizard?campaign=wlm-pt&id=Q98443733&descriptionlang=pt&description=Alameda%20em%20Mata%20Nacional%20do%20Bu%C3%A7aco%20-%20no%20cimo%20do%20Vale%20de%20S%C3%A3o%20Silvestre%2C%20na%20curva%20da%20estrada%20-%20sequ%C3%B3ia%20em%20Mata%20Nacional%20do%20Bu%C3%A7aco%20-%20no%20cimo%20do%20Vale%20de%20S%C3%A3o%20Silvestre%2C%20na%20curva%20da%20estrada&categories=Images%20from%20Wiki%20Loves%20Monuments%202022%20in%20Portugal%20-%20Aveiro]],"grupo, grove",
http://www.wikidata.org/entity/Q96586635,Campo Militar da Batalha do Buçaco,DGPC-22680211,Luso,Mealhada,[http://www.patrimoniocultural.gov.pt/pt/patrimonio/patrimonio-imovel/pesquisa-do-patrimonio/classificado-ou-em-vias-de-classificacao/geral/view/22680211 DGPC]<br>[http://www.monumentos.gov.pt/Site/APP_PagesUser/SIPA.aspx?id=139 SIPA],Campo Militar da Batalha do Buçaco,Images from Wiki Loves Monuments 2022 in Portugal - Aveiro|Campo Militar da Batalha do Buçaco,[[Imagem:Camera-photo_Upload.svg|x60px|sub|alt=Carregar foto|link=https://commons.wikimedia.org/wiki/special:uploadWizard?campaign=wlm-pt&id=Q96586635&descriptionlang=pt&description=Campo%20Militar%20da%20Batalha%20do%20Bu%C3%A7aco%20-%20Mealhada%3B%20Penacova%3B%20Mort%C3%A1gua%20-%20Portugal%20-%20-&categories=Images%20from%20Wiki%20Loves%20Monuments%202022%20in%20Portugal%20-%20Aveiro%7CCampo%20Militar%20da%20Batalha%20do%20Bu%C3%A7aco]],campo de batalha,Em vias de classificação
http://www.wikidata.org/entity/Q73770508,Casas de Guarda na Cerca do Buçaco,SIPA-25183,Luso,Mealhada,[http://www.monumentos.gov.pt/Site/APP_PagesUser/SIPA.aspx?id=25183 SIPA],Casas de Guarda na Cerca do Buçaco,Images from Wiki Loves Monuments 2022 in Portugal - Aveiro|Casas de Guarda na Cerca do Buçaco,[[Imagem:Camera-photo_Upload.svg|x60px|sub|alt=Carregar foto|link=https://commons.wikimedia.org/wiki/special:uploadWizard?campaign=wlm-pt&id=Q73770508&descriptionlang=pt&description=Casas%20de%20Guarda%20na%20Cerca%20do%20Bu%C3%A7aco&categories=Images%20from%20Wiki%20Loves%20Monuments%202022%20in%20Portugal%20-%20Aveiro%7CCasas%20de%20Guarda%20na%20Cerca%20do%20Bu%C3%A7aco]],casa,Incluído em sítio classificado
http://www.wikidata.org/entity/Q10380599,Complexo Termal do Luso,SIPA-19878,Luso,Mealhada,[http://www.monumentos.gov.pt/Site/APP_PagesUser/SIPA.aspx?id=19878 SIPA],Complexo Termal do Luso,Images from Wiki Loves Monuments 2022 in Portugal - Aveiro|Complexo Termal do Luso,[[Imagem:Camera-photo_Upload.svg|x60px|sub|alt=Carregar foto|link=https://commons.wikimedia.org/wiki/special:uploadWizard?campaign=wlm-pt&id=Q10380599&descriptionlang=pt&description=Complexo%20Termal%20do%20Luso%20-%20est%C3%A2ncia%20termal%20em%20Luso%2C%20Mealhada%2C%20Portugal&categories=Images%20from%20Wiki%20Loves%20Monuments%202022%20in%20Portugal%20-%20Aveiro%7CComplexo%20Termal%20do%20Luso]],estância termal,Em estudo
http://www.wikidata.org/entity/Q98443730,Conjunto arbóreo em Mata Nacional do Buçaco - Cruz Alta,ICNFAIP01110427C,Luso,Mealhada,,,Images from Wiki Loves Monuments 2022 in Portugal - Aveiro,[[Imagem:Camera-photo_Upload.svg|x60px|sub|alt=Carregar foto|link=https://commons.wikimedia.org/wiki/special:uploadWizard?campaign=wlm-pt&id=Q98443730&descriptionlang=pt&description=Conjunto%20arb%C3%B3reo%20em%20Mata%20Nacional%20do%20Bu%C3%A7aco%20-%20Cruz%20Alta%20-%20adernal%20e%20outras%20esp%C3%A9cies%20em%20Mata%20Nacional%20do%20Bu%C3%A7aco%20-%20Cruz%20Alta&categories=Images%20from%20Wiki%20Loves%20Monuments%202022%20in%20Portugal%20-%20Aveiro]],"grupo, grove",
http://www.wikidata.org/entity/Q1129408,Convento de Santa Cruz do Buçaco,SIPA-5690,Luso,Mealhada,[http://www.monumentos.gov.pt/Site/APP_PagesUser/SIPA.aspx?id=5690 SIPA],Convento de Santa Cruz do Buçaco,Images from Wiki Loves Monuments 2022 in Portugal - Aveiro|Convento de Santa Cruz do Buçaco,[[Imagem:Camera-photo_Upload.svg|x60px|sub|alt=Carregar foto|link=https://commons.wikimedia.org/wiki/special:uploadWizard?campaign=wlm-pt&id=Q1129408&descriptionlang=pt&description=Convento%20de%20Santa%20Cruz%20do%20Bu%C3%A7aco%20-%20convento%20na%20Mealhada%2C%20Portugal&categories=Images%20from%20Wiki%20Loves%20Monuments%202022%20in%20Portugal%20-%20Aveiro%7CConvento%20de%20Santa%20Cruz%20do%20Bu%C3%A7aco]],convento,Monumento Nacional
http://www.wikidata.org/entity/Q10327237,Mata Nacional do Buçaco,DGPC-74851,Luso,Mealhada,[http://www.patrimoniocultural.gov.pt/pt/patrimonio/patrimonio-imovel/pesquisa-do-patrimonio/classificado-ou-em-vias-de-classificacao/geral/view/74851 DGPC]<br>[http://www.monumentos.gov.pt/Site/APP_PagesUser/SIPA.aspx?id=7004 SIPA],Mata Nacional do Buçaco,Images from Wiki Loves Monuments 2022 in Portugal - Aveiro|Mata Nacional do Buçaco,[[Imagem:Camera-photo_Upload.svg|x60px|sub|alt=Carregar foto|link=https://commons.wikimedia.org/wiki/special:uploadWizard?campaign=wlm-pt&id=Q10327237&descriptionlang=pt&description=Mata%20Nacional%20do%20Bu%C3%A7aco%20-%20%C3%A1rea%20florestal%20na%20Serra%20do%20Bu%C3%A7aco&categories=Images%20from%20Wiki%20Loves%20Monuments%202022%20in%20Portugal%20-%20Aveiro%7CMata%20Nacional%20do%20Bu%C3%A7aco]],parque,"Património Mundial Provisório, Monumento Nacional"
http://www.wikidata.org/entity/Q66813051,Palácio Hotel do Buçaco,SIPA-5687,Luso,Mealhada,[http://www.monumentos.gov.pt/Site/APP_PagesUser/SIPA.aspx?id=5687 SIPA],Palácio Hotel do Buçaco,Images from Wiki Loves Monuments 2022 in Portugal - Aveiro|Palácio Hotel do Buçaco,[[Imagem:Camera-photo_Upload.svg|x60px|sub|alt=Carregar foto|link=https://commons.wikimedia.org/wiki/special:uploadWizard?campaign=wlm-pt&id=Q66813051&descriptionlang=pt&description=Pal%C3%A1cio%20Hotel%20do%20Bu%C3%A7aco%20-%20conjunto%20em%20Mealhada%2C%20Portugal&categories=Images%20from%20Wiki%20Loves%20Monuments%202022%20in%20Portugal%20-%20Aveiro%7CPal%C3%A1cio%20Hotel%20do%20Bu%C3%A7aco]],"hotel, palácio",Monumento Nacional
http://www.wikidata.org/entity/Q98444180,Árvore isolada em Mata Nacional do Buçaco - Junto ao Passo da 1.ª Queda,ICNFAIP01110412I,Luso,Mealhada,,,Images from Wiki Loves Monuments 2022 in Portugal - Aveiro,[[Imagem:Camera-photo_Upload.svg|x60px|sub|alt=Carregar foto|link=https://commons.wikimedia.org/wiki/special:uploadWizard?campaign=wlm-pt&id=Q98444180&descriptionlang=pt&description=%C3%81rvore%20isolada%20em%20Mata%20Nacional%20do%20Bu%C3%A7aco%20-%20Junto%20ao%20Passo%20da%201.%C2%AA%20Queda%20-%20cedro-do-bu%C3%A7aco%20em%20Mata%20Nacional%20do%20Bu%C3%A7aco%20-%20Junto%20ao%20Passo%20da%201.%C2%AA%20Queda&categories=Images%20from%20Wiki%20Loves%20Monuments%202022%20in%20Portugal%20-%20Aveiro]],Árvore de Interesse Público,
http://www.wikidata.org/entity/Q98444154,Árvore isolada em Mata Nacional do Buçaco - Junto ao Passo de Anás,ICNFAIP01110431I,Luso,Mealhada,,,Images from Wiki Loves Monuments 2022 in Portugal - Aveiro,[[Imagem:Camera-photo_Upload.svg|x60px|sub|alt=Carregar foto|link=https://commons.wikimedia.org/wiki/special:uploadWizard?campaign=wlm-pt&id=Q98444154&descriptionlang=pt&description=%C3%81rvore%20isolada%20em%20Mata%20Nacional%20do%20Bu%C3%A7aco%20-%20Junto%20ao%20Passo%20de%20An%C3%A1s%20-%20cedro-do-bu%C3%A7aco%20em%20Mata%20Nacional%20do%20Bu%C3%A7aco%20-%20Junto%20ao%20Passo%20de%20An%C3%A1s&categories=Images%20from%20Wiki%20Loves%20Monuments%202022%20in%20Portugal%20-%20Aveiro]],Árvore de Interesse Público,
http://www.wikidata.org/entity/Q98444914,"Árvore isolada em Mata Nacional do Buçaco - Junto ao Passo de Cedron, a 80 m de Siloé",ICNFAIP01110414I,Luso,Mealhada,,,Images from Wiki Loves Monuments 2022 in Portugal - Aveiro,[[Imagem:Camera-photo_Upload.svg|x60px|sub|alt=Carregar foto|link=https://commons.wikimedia.org/wiki/special:uploadWizard?campaign=wlm-pt&id=Q98444914&descriptionlang=pt&description=%C3%81rvore%20isolada%20em%20Mata%20Nacional%20do%20Bu%C3%A7aco%20-%20Junto%20ao%20Passo%20de%20Cedron%2C%20a%2080%20m%20de%20Silo%C3%A9%20-%20cedro-do-bu%C3%A7aco%20em%20Mata%20Nacional%20do%20Bu%C3%A7aco%20-%20Junto%20ao%20Passo%20de%20Cedron%2C%20a%2080%20m%20de%20Silo%C3%A9&categories=Images%20from%20Wiki%20Loves%20Monuments%202022%20in%20Portugal%20-%20Aveiro]],Árvore de Interesse Público,
http://www.wikidata.org/entity/Q98444187,Árvore isolada em Mata Nacional do Buçaco - Junto Á Capela de S.Pedro,ICNFAIP01110411I,Luso,Mealhada,,,Images from Wiki Loves Monuments 2022 in Portugal - Aveiro,[[Imagem:Camera-photo_Upload.svg|x60px|sub|alt=Carregar foto|link=https://commons.wikimedia.org/wiki/special:uploadWizard?campaign=wlm-pt&id=Q98444187&descriptionlang=pt&description=%C3%81rvore%20isolada%20em%20Mata%20Nacional%20do%20Bu%C3%A7aco%20-%20Junto%20%C3%81%20Capela%20de%20S.Pedro%20-%20carvalho-roble%20ou%20carvalho-alvarinho%20em%20Mata%20Nacional%20do%20Bu%C3%A7aco%20-%20Junto%20%C3%81%20Capela%20de%20S.Pedro&categories=Images%20from%20Wiki%20Loves%20Monuments%202022%20in%20Portugal%20-%20Aveiro]],Árvore de Interesse Público,
http://www.wikidata.org/entity/Q98444185,Árvore isolada em Mata Nacional do Buçaco - Junto à ruina da Ermida do Sacramento (a 30 m do Passo de Anás),ICNFAIP01110413I,Luso,Mealhada,,,Images from Wiki Loves Monuments 2022 in Portugal - Aveiro,[[Imagem:Camera-photo_Upload.svg|x60px|sub|alt=Carregar foto|link=https://commons.wikimedia.org/wiki/special:uploadWizard?campaign=wlm-pt&id=Q98444185&descriptionlang=pt&description=%C3%81rvore%20isolada%20em%20Mata%20Nacional%20do%20Bu%C3%A7aco%20-%20Junto%20%C3%A0%20ruina%20da%20Ermida%20do%20Sacramento%20%28a%2030%20m%20do%20Passo%20de%20An%C3%A1s%29%20-%20cedro-do-bu%C3%A7aco%20em%20Mata%20Nacional%20do%20Bu%C3%A7aco%20-%20Junto%20%C3%A0%20ruina%20da%20Ermida%20do%20Sacramento%20%28a%2030%20m%20do%20Passo%20de%20An%C3%A1s%29&categories=Images%20from%20Wiki%20Loves%20Monuments%202022%20in%20Portugal%20-%20Aveiro]],Árvore de Interesse Público,
http://www.wikidata.org/entity/Q98444175,Árvore isolada em Mata Nacional do Buçaco - Largo do Mosteiro (junto à Loja da Mata),ICNFAIP01110410I,Luso,Mealhada,,,Images from Wiki Loves Monuments 2022 in Portugal - Aveiro,[[Imagem:Camera-photo_Upload.svg|x60px|sub|alt=Carregar foto|link=https://commons.wikimedia.org/wiki/special:uploadWizard?campaign=wlm-pt&id=Q98444175&descriptionlang=pt&description=%C3%81rvore%20isolada%20em%20Mata%20Nacional%20do%20Bu%C3%A7aco%20-%20Largo%20do%20Mosteiro%20%28junto%20%C3%A0%20Loja%20da%20Mata%29%20-%20freixo-americano%20em%20Mata%20Nacional%20do%20Bu%C3%A7aco%20-%20Largo%20do%20Mosteiro%20%28junto%20%C3%A0%20Loja%20da%20Mata%29&categories=Images%20from%20Wiki%20Loves%20Monuments%202022%20in%20Portugal%20-%20Aveiro]],Árvore de Interesse Público,
http://www.wikidata.org/entity/Q98444174,"Árvore isolada em Mata Nacional do Buçaco - No Largo da Fonte Fria, junto à estrada",ICNFAIP01110417I,Luso,Mealhada,,,Images from Wiki Loves Monuments 2022 in Portugal - Aveiro,[[Imagem:Camera-photo_Upload.svg|x60px|sub|alt=Carregar foto|link=https://commons.wikimedia.org/wiki/special:uploadWizard?campaign=wlm-pt&id=Q98444174&descriptionlang=pt&description=%C3%81rvore%20isolada%20em%20Mata%20Nacional%20do%20Bu%C3%A7aco%20-%20No%20Largo%20da%20Fonte%20Fria%2C%20junto%20%C3%A0%20estrada%20-%20freixo-americano%20em%20Mata%20Nacional%20do%20Bu%C3%A7aco%20-%20No%20Largo%20da%20Fonte%20Fria%2C%20junto%20%C3%A0%20estrada&categories=Images%20from%20Wiki%20Loves%20Monuments%202022%20in%20Portugal%20-%20Aveiro]],Árvore de Interesse Público,
http://www.wikidata.org/entity/Q98444176,"Árvore isolada em Mata Nacional do Buçaco - No Largo da Fonte Fria, junto à estrada",ICNFAIP01110417I,Luso,Mealhada,,,Images from Wiki Loves Monuments 2022 in Portugal - Aveiro,[[Imagem:Camera-photo_Upload.svg|x60px|sub|alt=Carregar foto|link=https://commons.wikimedia.org/wiki/special:uploadWizard?campaign=wlm-pt&id=Q98444176&descriptionlang=pt&description=%C3%81rvore%20isolada%20em%20Mata%20Nacional%20do%20Bu%C3%A7aco%20-%20No%20Largo%20da%20Fonte%20Fria%2C%20junto%20%C3%A0%20estrada%20-%20freixo-americano%20em%20Mata%20Nacional%20do%20Bu%C3%A7aco%20-%20No%20Largo%20da%20Fonte%20Fria%2C%20junto%20%C3%A0%20estrada&categories=Images%20from%20Wiki%20Loves%20Monuments%202022%20in%20Portugal%20-%20Aveiro]],Árvore de Interesse Público,
http://www.wikidata.org/entity/Q98444178,"Árvore isolada em Mata Nacional do Buçaco - a 70 m da Porta das Lapas, no caminho para o Lago Grande",ICNFAIP01110416I,Luso,Mealhada,,,Images from Wiki Loves Monuments 2022 in Portugal - Aveiro,[[Imagem:Camera-photo_Upload.svg|x60px|sub|alt=Carregar foto|link=https://commons.wikimedia.org/wiki/special:uploadWizard?campaign=wlm-pt&id=Q98444178&descriptionlang=pt&description=%C3%81rvore%20isolada%20em%20Mata%20Nacional%20do%20Bu%C3%A7aco%20-%20a%2070%20m%20da%20Porta%20das%20Lapas%2C%20no%20caminho%20para%20o%20Lago%20Grande%20-%20sequ%C3%B3ia%20em%20Mata%20Nacional%20do%20Bu%C3%A7aco%20-%20a%2070%20m%20da%20Porta%20das%20Lapas%2C%20no%20caminho%20para%20o%20Lago%20Grande&categories=Images%20from%20Wiki%20Loves%20Monuments%202022%20in%20Portugal%20-%20Aveiro]],Árvore de Interesse Público,
http://www.wikidata.org/entity/Q98444155,Árvore isolada em Mata Nacional do Buçaco - junto ao Lago Grande,ICNFAIP01110424I,Luso,Mealhada,,,Images from Wiki Loves Monuments 2022 in Portugal - Aveiro,[[Imagem:Camera-photo_Upload.svg|x60px|sub|alt=Carregar foto|link=https://commons.wikimedia.org/wiki/special:uploadWizard?campaign=wlm-pt&id=Q98444155&descriptionlang=pt&description=%C3%81rvore%20isolada%20em%20Mata%20Nacional%20do%20Bu%C3%A7aco%20-%20junto%20ao%20Lago%20Grande%20-%20til%20em%20Mata%20Nacional%20do%20Bu%C3%A7aco%20-%20junto%20ao%20Lago%20Grande&categories=Images%20from%20Wiki%20Loves%20Monuments%202022%20in%20Portugal%20-%20Aveiro]],Árvore de Interesse Público,
http://www.wikidata.org/entity/Q98444125,Árvore isolada em Mata Nacional do Buçaco - junto ao Lago da Fonte,ICNFAIP01110425I,Luso,Mealhada,,,Images from Wiki Loves Monuments 2022 in Portugal - Aveiro,[[Imagem:Camera-photo_Upload.svg|x60px|sub|alt=Carregar foto|link=https://commons.wikimedia.org/wiki/special:uploadWizard?campaign=wlm-pt&id=Q98444125&descriptionlang=pt&description=%C3%81rvore%20isolada%20em%20Mata%20Nacional%20do%20Bu%C3%A7aco%20-%20junto%20ao%20Lago%20da%20Fonte%20-%20pl%C3%A1tano-bastardo%20em%20Mata%20Nacional%20do%20Bu%C3%A7aco%20-%20junto%20ao%20Lago%20da%20Fonte&categories=Images%20from%20Wiki%20Loves%20Monuments%202022%20in%20Portugal%20-%20Aveiro]],Árvore de Interesse Público,
http://www.wikidata.org/entity/Q98444918,Árvore isolada em Mata Nacional do Buçaco - junto ao Passo de Cedron,ICNFAIP01110426I,Luso,Mealhada,,,Images from Wiki Loves Monuments 2022 in Portugal - Aveiro,[[Imagem:Camera-photo_Upload.svg|x60px|sub|alt=Carregar foto|link=https://commons.wikimedia.org/wiki/special:uploadWizard?campaign=wlm-pt&id=Q98444918&descriptionlang=pt&description=%C3%81rvore%20isolada%20em%20Mata%20Nacional%20do%20Bu%C3%A7aco%20-%20junto%20ao%20Passo%20de%20Cedron%20-%20cedro-do-bu%C3%A7aco%20em%20Mata%20Nacional%20do%20Bu%C3%A7aco%20-%20junto%20ao%20Passo%20de%20Cedron&categories=Images%20from%20Wiki%20Loves%20Monuments%202022%20in%20Portugal%20-%20Aveiro]],Árvore de Interesse Público,
http://www.wikidata.org/entity/Q98444920,Árvore isolada em Mata Nacional do Buçaco - junto à Capela da Madalena,ICNFAIP01110438I,Luso,Mealhada,,,Images from Wiki Loves Monuments 2022 in Portugal - Aveiro,[[Imagem:Camera-photo_Upload.svg|x60px|sub|alt=Carregar foto|link=https://commons.wikimedia.org/wiki/special:uploadWizard?campaign=wlm-pt&id=Q98444920&descriptionlang=pt&description=%C3%81rvore%20isolada%20em%20Mata%20Nacional%20do%20Bu%C3%A7aco%20-%20junto%20%C3%A0%20Capela%20da%20Madalena%20-%20cedro-do-bu%C3%A7aco%20em%20Mata%20Nacional%20do%20Bu%C3%A7aco%20-%20junto%20%C3%A0%20Capela%20da%20Madalena&categories=Images%20from%20Wiki%20Loves%20Monuments%202022%20in%20Portugal%20-%20Aveiro]],Árvore de Interesse Público,
http://www.wikidata.org/entity/Q98444921,Árvore isolada em Mata Nacional do Buçaco - junto à Capela de São Pedro,ICNFAIP01110439I,Luso,Mealhada,,,Images from Wiki Loves Monuments 2022 in Portugal - Aveiro,[[Imagem:Camera-photo_Upload.svg|x60px|sub|alt=Carregar foto|link=https://commons.wikimedia.org/wiki/special:uploadWizard?campaign=wlm-pt&id=Q98444921&descriptionlang=pt&description=%C3%81rvore%20isolada%20em%20Mata%20Nacional%20do%20Bu%C3%A7aco%20-%20junto%20%C3%A0%20Capela%20de%20S%C3%A3o%20Pedro%20-%20cedro-do-bu%C3%A7aco%20em%20Mata%20Nacional%20do%20Bu%C3%A7aco%20-%20junto%20%C3%A0%20Capela%20de%20S%C3%A3o%20Pedro&categories=Images%20from%20Wiki%20Loves%20Monuments%202022%20in%20Portugal%20-%20Aveiro]],Árvore de Interesse Público,
http://www.wikidata.org/entity/Q98444917,Árvore isolada em Mata Nacional do Buçaco - junto à Casa de Guarda das Lapas,ICNFAIP01110422I,Luso,Mealhada,,,Images from Wiki Loves Monuments 2022 in Portugal - Aveiro,[[Imagem:Camera-photo_Upload.svg|x60px|sub|alt=Carregar foto|link=https://commons.wikimedia.org/wiki/special:uploadWizard?campaign=wlm-pt&id=Q98444917&descriptionlang=pt&description=%C3%81rvore%20isolada%20em%20Mata%20Nacional%20do%20Bu%C3%A7aco%20-%20junto%20%C3%A0%20Casa%20de%20Guarda%20das%20Lapas%20-%20pseudotsuga%20em%20Mata%20Nacional%20do%20Bu%C3%A7aco%20-%20junto%20%C3%A0%20Casa%20de%20Guarda%20das%20Lapas&categories=Images%20from%20Wiki%20Loves%20Monuments%202022%20in%20Portugal%20-%20Aveiro]],Árvore de Interesse Público,
http://www.wikidata.org/entity/Q98444145,Árvore isolada em Mata Nacional do Buçaco - junto à escadaria da Fonte Fria (Lago da Fonte Fria),ICNFAIP01110434I,Luso,Mealhada,,,Images from Wiki Loves Monuments 2022 in Portugal - Aveiro,[[Imagem:Camera-photo_Upload.svg|x60px|sub|alt=Carregar foto|link=https://commons.wikimedia.org/wiki/special:uploadWizard?campaign=wlm-pt&id=Q98444145&descriptionlang=pt&description=%C3%81rvore%20isolada%20em%20Mata%20Nacional%20do%20Bu%C3%A7aco%20-%20junto%20%C3%A0%20escadaria%20da%20Fonte%20Fria%20%28Lago%20da%20Fonte%20Fria%29%20-%20freixo-americano%20em%20Mata%20Nacional%20do%20Bu%C3%A7aco%20-%20junto%20%C3%A0%20escadaria%20da%20Fonte%20Fria%20%28Lago%20da%20Fonte%20Fria%29&categories=Images%20from%20Wiki%20Loves%20Monuments%202022%20in%20Portugal%20-%20Aveiro]],Árvore de Interesse Público,
http://www.wikidata.org/entity/Q98444132,"Árvore isolada em Mata Nacional do Buçaco - junto á estrada para a Porta da Rainha, diante da Ermida de Santo Elias",ICNFAIP01110437I,Luso,Mealhada,,,Images from Wiki Loves Monuments 2022 in Portugal - Aveiro,[[Imagem:Camera-photo_Upload.svg|x60px|sub|alt=Carregar foto|link=https://commons.wikimedia.org/wiki/special:uploadWizard?campaign=wlm-pt&id=Q98444132&descriptionlang=pt&description=%C3%81rvore%20isolada%20em%20Mata%20Nacional%20do%20Bu%C3%A7aco%20-%20junto%20%C3%A1%20estrada%20para%20a%20Porta%20da%20Rainha%2C%20diante%20da%20Ermida%20de%20Santo%20Elias%20-%20sequ%C3%B3ia%20em%20Mata%20Nacional%20do%20Bu%C3%A7aco%20-%20junto%20%C3%A1%20estrada%20para%20a%20Porta%20da%20Rainha%2C%20diante%20da%20Ermida%20de%20Santo%20Elias&categories=Images%20from%20Wiki%20Loves%20Monuments%202022%20in%20Portugal%20-%20Aveiro]],Árvore de Interesse Público,
http://www.wikidata.org/entity/Q98444915,"Árvore isolada em Mata Nacional do Buçaco - na av. dos Cedros , junto à Capela de São Pedro",ICNFAIP01110421I,Luso,Mealhada,,,Images from Wiki Loves Monuments 2022 in Portugal - Aveiro,[[Imagem:Camera-photo_Upload.svg|x60px|sub|alt=Carregar foto|link=https://commons.wikimedia.org/wiki/special:uploadWizard?campaign=wlm-pt&id=Q98444915&descriptionlang=pt&description=%C3%81rvore%20isolada%20em%20Mata%20Nacional%20do%20Bu%C3%A7aco%20-%20na%20av.%20dos%20Cedros%20%2C%20junto%20%C3%A0%20Capela%20de%20S%C3%A3o%20Pedro%20-%20cedro-do-bu%C3%A7aco%20em%20Mata%20Nacional%20do%20Bu%C3%A7aco%20-%20na%20av.%20dos%20Cedros%20%2C%20junto%20%C3%A0%20Capela%20de%20S%C3%A3o%20Pedro&categories=Images%20from%20Wiki%20Loves%20Monuments%202022%20in%20Portugal%20-%20Aveiro]],Árvore de Interesse Público,
http://www.wikidata.org/entity/Q98444158,Árvore isolada em Mata Nacional do Buçaco - na encosta a Sul do Lago Grande,ICNFAIP01110423I,Luso,Mealhada,,,Images from Wiki Loves Monuments 2022 in Portugal - Aveiro,[[Imagem:Camera-photo_Upload.svg|x60px|sub|alt=Carregar foto|link=https://commons.wikimedia.org/wiki/special:uploadWizard?campaign=wlm-pt&id=Q98444158&descriptionlang=pt&description=%C3%81rvore%20isolada%20em%20Mata%20Nacional%20do%20Bu%C3%A7aco%20-%20na%20encosta%20a%20Sul%20do%20Lago%20Grande%20-%20sobreiro%20em%20Mata%20Nacional%20do%20Bu%C3%A7aco%20-%20na%20encosta%20a%20Sul%20do%20Lago%20Grande&categories=Images%20from%20Wiki%20Loves%20Monuments%202022%20in%20Portugal%20-%20Aveiro]],Árvore de Interesse Público,
http://www.wikidata.org/entity/Q98444159,Árvore isolada em Mata Nacional do Buçaco - na encosta a Sul do Lago Grande,ICNFAIP01110423I,Luso,Mealhada,,,Images from Wiki Loves Monuments 2022 in Portugal - Aveiro,[[Imagem:Camera-photo_Upload.svg|x60px|sub|alt=Carregar foto|link=https://commons.wikimedia.org/wiki/special:uploadWizard?campaign=wlm-pt&id=Q98444159&descriptionlang=pt&description=%C3%81rvore%20isolada%20em%20Mata%20Nacional%20do%20Bu%C3%A7aco%20-%20na%20encosta%20a%20Sul%20do%20Lago%20Grande%20-%20sobreiro%20em%20Mata%20Nacional%20do%20Bu%C3%A7aco%20-%20na%20encosta%20a%20Sul%20do%20Lago%20Grande&categories=Images%20from%20Wiki%20Loves%20Monuments%202022%20in%20Portugal%20-%20Aveiro]],Árvore de Interesse Público,
http://www.wikidata.org/entity/Q98444149,"Árvore isolada em Mata Nacional do Buçaco - no Largo do Mosteiro, diante da fundação",ICNFAIP01110428I,Luso,Mealhada,,,Images from Wiki Loves Monuments 2022 in Portugal - Aveiro,[[Imagem:Camera-photo_Upload.svg|x60px|sub|alt=Carregar foto|link=https://commons.wikimedia.org/wiki/special:uploadWizard?campaign=wlm-pt&id=Q98444149&descriptionlang=pt&description=%C3%81rvore%20isolada%20em%20Mata%20Nacional%20do%20Bu%C3%A7aco%20-%20no%20Largo%20do%20Mosteiro%2C%20diante%20da%20funda%C3%A7%C3%A3o%20-%20oliveira%20em%20Mata%20Nacional%20do%20Bu%C3%A7aco%20-%20no%20Largo%20do%20Mosteiro%2C%20diante%20da%20funda%C3%A7%C3%A3o&categories=Images%20from%20Wiki%20Loves%20Monuments%202022%20in%20Portugal%20-%20Aveiro]],Árvore de Interesse Público,
http://www.wikidata.org/entity/Q98444153,Árvore isolada em Mata Nacional do Buçaco - no adro da Ermida de São José,ICNFAIP01110430I,Luso,Mealhada,,,Images from Wiki Loves Monuments 2022 in Portugal - Aveiro,[[Imagem:Camera-photo_Upload.svg|x60px|sub|alt=Carregar foto|link=https://commons.wikimedia.org/wiki/special:uploadWizard?campaign=wlm-pt&id=Q98444153&descriptionlang=pt&description=%C3%81rvore%20isolada%20em%20Mata%20Nacional%20do%20Bu%C3%A7aco%20-%20no%20adro%20da%20Ermida%20de%20S%C3%A3o%20Jos%C3%A9%20-%20cedro-do-bu%C3%A7aco%20em%20Mata%20Nacional%20do%20Bu%C3%A7aco%20-%20no%20adro%20da%20Ermida%20de%20S%C3%A3o%20Jos%C3%A9&categories=Images%20from%20Wiki%20Loves%20Monuments%202022%20in%20Portugal%20-%20Aveiro]],Árvore de Interesse Público,
http://www.wikidata.org/entity/Q98444167,Árvore isolada em Mata Nacional do Buçaco - no cimo do Vale de São Silvestre,ICNFAIP01110418I,Luso,Mealhada,,,Images from Wiki Loves Monuments 2022 in Portugal - Aveiro,[[Imagem:Camera-photo_Upload.svg|x60px|sub|alt=Carregar foto|link=https://commons.wikimedia.org/wiki/special:uploadWizard?campaign=wlm-pt&id=Q98444167&descriptionlang=pt&description=%C3%81rvore%20isolada%20em%20Mata%20Nacional%20do%20Bu%C3%A7aco%20-%20no%20cimo%20do%20Vale%20de%20S%C3%A3o%20Silvestre%20-%20eucalipto%20em%20Mata%20Nacional%20do%20Bu%C3%A7aco%20-%20no%20cimo%20do%20Vale%20de%20S%C3%A3o%20Silvestre&categories=Images%20from%20Wiki%20Loves%20Monuments%202022%20in%20Portugal%20-%20Aveiro]],Árvore de Interesse Público,
http://www.wikidata.org/entity/Q98444170,"Árvore isolada em Mata Nacional do Buçaco - no jardim, ao lado do Palace Hotel",ICNFAIP01110420I,Luso,Mealhada,,,Images from Wiki Loves Monuments 2022 in Portugal - Aveiro,[[Imagem:Camera-photo_Upload.svg|x60px|sub|alt=Carregar foto|link=https://commons.wikimedia.org/wiki/special:uploadWizard?campaign=wlm-pt&id=Q98444170&descriptionlang=pt&description=%C3%81rvore%20isolada%20em%20Mata%20Nacional%20do%20Bu%C3%A7aco%20-%20no%20jardim%2C%20ao%20lado%20do%20Palace%20Hotel%20-%20araucaria-da-queensl%C3%A2ndia%20ou%20bunya-bunya%20em%20Mata%20Nacional%20do%20Bu%C3%A7aco%20-%20no%20jardim%2C%20ao%20lado%20do%20Palace%20Hotel&categories=Images%20from%20Wiki%20Loves%20Monuments%202022%20in%20Portugal%20-%20Aveiro]],Árvore de Interesse Público,
http://www.wikidata.org/entity/Q98444135,"Árvore isolada em Mata Nacional do Buçaco - no talude, junto à Fonte de Santa Teresa",ICNFAIP01110436I,Luso,Mealhada,,,Images from Wiki Loves Monuments 2022 in Portugal - Aveiro,[[Imagem:Camera-photo_Upload.svg|x60px|sub|alt=Carregar foto|link=https://commons.wikimedia.org/wiki/special:uploadWizard?campaign=wlm-pt&id=Q98444135&descriptionlang=pt&description=%C3%81rvore%20isolada%20em%20Mata%20Nacional%20do%20Bu%C3%A7aco%20-%20no%20talude%2C%20junto%20%C3%A0%20Fonte%20de%20Santa%20Teresa%20-%20sequ%C3%B3ia%20em%20Mata%20Nacional%20do%20Bu%C3%A7aco%20-%20no%20talude%2C%20junto%20%C3%A0%20Fonte%20de%20Santa%20Teresa&categories=Images%20from%20Wiki%20Loves%20Monuments%202022%20in%20Portugal%20-%20Aveiro]],Árvore de Interesse Público,
http://www.wikidata.org/entity/Q98444165,Árvore isolada em Mata Nacional do Buçaco - próximo do viveiro florestal,ICNFAIP01110419I,Luso,Mealhada,,,Images from Wiki Loves Monuments 2022 in Portugal - Aveiro,[[Imagem:Camera-photo_Upload.svg|x60px|sub|alt=Carregar foto|link=https://commons.wikimedia.org/wiki/special:uploadWizard?campaign=wlm-pt&id=Q98444165&descriptionlang=pt&description=%C3%81rvore%20isolada%20em%20Mata%20Nacional%20do%20Bu%C3%A7aco%20-%20pr%C3%B3ximo%20do%20viveiro%20florestal%20-%20eucalipto%20em%20Mata%20Nacional%20do%20Bu%C3%A7aco%20-%20pr%C3%B3ximo%20do%20viveiro%20florestal&categories=Images%20from%20Wiki%20Loves%20Monuments%202022%20in%20Portugal%20-%20Aveiro]],Árvore de Interesse Público,
http://www.wikidata.org/entity/Q98444141,Árvore isolada em Mata Nacional do Buçaco - à entrada do viveiro florestal,ICNFAIP01110435I,Luso,Mealhada,,,Images from Wiki Loves Monuments 2022 in Portugal - Aveiro,[[Imagem:Camera-photo_Upload.svg|x60px|sub|alt=Carregar foto|link=https://commons.wikimedia.org/wiki/special:uploadWizard?campaign=wlm-pt&id=Q98444141&descriptionlang=pt&description=%C3%81rvore%20isolada%20em%20Mata%20Nacional%20do%20Bu%C3%A7aco%20-%20%C3%A0%20entrada%20do%20viveiro%20florestal%20-%20mirtilo-magenta%20em%20Mata%20Nacional%20do%20Bu%C3%A7aco%20-%20%C3%A0%20entrada%20do%20viveiro%20florestal&categories=Images%20from%20Wiki%20Loves%20Monuments%202022%20in%20Portugal%20-%20Aveiro]],Árvore de Interesse Público,
http://www.wikidata.org/entity/Q96639899,CTT da Mealhada,DGPC-11052605,"Mealhada, Ventosa do Bairro e Antes",Mealhada,[http://www.patrimoniocultural.gov.pt/pt/patrimonio/patrimonio-imovel/pesquisa-do-patrimonio/classificado-ou-em-vias-de-classificacao/geral/view/11052605 DGPC]<br>[http://www.monumentos.gov.pt/Site/APP_PagesUser/SIPA.aspx?id=21174 SIPA],,Images from Wiki Loves Monuments 2022 in Portugal - Aveiro,[[Imagem:Camera-photo_Upload.svg|x60px|sub|alt=Carregar foto|link=https://commons.wikimedia.org/wiki/special:uploadWizard?campaign=wlm-pt&id=Q96639899&descriptionlang=pt&description=CTT%20da%20Mealhada%20-%20Mealhada%20-%20Portugal%20-%20-&categories=Images%20from%20Wiki%20Loves%20Monuments%202022%20in%20Portugal%20-%20Aveiro]],posto de correio,sem protecção legal
http://www.wikidata.org/entity/Q119950436,Antiga Sucursal da Fábrica das Devesas,DGPC-31585229,Pampilhosa,Mealhada,[http://www.patrimoniocultural.gov.pt/pt/patrimonio/patrimonio-imovel/pesquisa-do-patrimonio/classificado-ou-em-vias-de-classificacao/geral/view/31585229 DGPC],,Images from Wiki Loves Monuments 2022 in Portugal - Aveiro,[[Imagem:Camera-photo_Upload.svg|x60px|sub|alt=Carregar foto|link=https://commons.wikimedia.org/wiki/special:uploadWizard?campaign=wlm-pt&id=Q119950436&descriptionlang=pt&description=Antiga%20Sucursal%20da%20F%C3%A1brica%20das%20Devesas%20-%20Mealhada%20-%20Portugal%20-%20-&categories=Images%20from%20Wiki%20Loves%20Monuments%202022%20in%20Portugal%20-%20Aveiro]],edifício,sem protecção legal
http://www.wikidata.org/entity/Q66813050,Casa Rural Quinhentista,DGPC-73053,Pampilhosa,Mealhada,[http://www.patrimoniocultural.gov.pt/pt/patrimonio/patrimonio-imovel/pesquisa-do-patrimonio/classificado-ou-em-vias-de-classificacao/geral/view/73053 DGPC]<br>[http://www.monumentos.gov.pt/Site/APP_PagesUser/SIPA.aspx?id=3632 SIPA],,Images from Wiki Loves Monuments 2022 in Portugal - Aveiro,[[Imagem:Camera-photo_Upload.svg|x60px|sub|alt=Carregar foto|link=https://commons.wikimedia.org/wiki/special:uploadWizard?campaign=wlm-pt&id=Q66813050&descriptionlang=pt&description=Casa%20Rural%20Quinhentista%20-%20casa%20em%20Mealhada%2C%20Portugal&categories=Images%20from%20Wiki%20Loves%20Monuments%202022%20in%20Portugal%20-%20Aveiro]],"edifício, casa","Em vias de classificação, Imóvel de Interesse Público"
http://www.wikidata.org/entity/Q66813052,Capela de São Simão,DGPC-71069,Bunheiro,Murtosa,[http://www.patrimoniocultural.gov.pt/pt/patrimonio/patrimonio-imovel/pesquisa-do-patrimonio/classificado-ou-em-vias-de-classificacao/geral/view/71069 DGPC]<br>[http://www.monumentos.gov.pt/Site/APP_PagesUser/SIPA.aspx?id=271 SIPA],Capela de São Simão (Murtosa),Images from Wiki Loves Monuments 2022 in Portugal - Aveiro|Capela de São Simão (Murtosa),[[Imagem:Camera-photo_Upload.svg|x60px|sub|alt=Carregar foto|link=https://commons.wikimedia.org/wiki/special:uploadWizard?campaign=wlm-pt&id=Q66813052&descriptionlang=pt&description=Capela%20de%20S%C3%A3o%20Sim%C3%A3o%20-%20capela%20em%20Murtosa%2C%20Portugal&categories=Images%20from%20Wiki%20Loves%20Monuments%202022%20in%20Portugal%20-%20Aveiro%7CCapela%20de%20S%C3%A3o%20Sim%C3%A3o%20%28Murtosa%29]],capela,Imóvel de Interesse Municipal
http://www.wikidata.org/entity/Q97362092,Sobrado Vermelho,DGPC-13315132,Bunheiro,Murtosa,[http://www.patrimoniocultural.gov.pt/pt/patrimonio/patrimonio-imovel/pesquisa-do-patrimonio/classificado-ou-em-vias-de-classificacao/geral/view/13315132 DGPC],,Images from Wiki Loves Monuments 2022 in Portugal - Aveiro,[[Imagem:Camera-photo_Upload.svg|x60px|sub|alt=Carregar foto|link=https://commons.wikimedia.org/wiki/special:uploadWizard?campaign=wlm-pt&id=Q97362092&descriptionlang=pt&description=Sobrado%20Vermelho%20-%20Murtosa%20-%20Portugal%20-%20-&categories=Images%20from%20Wiki%20Loves%20Monuments%202022%20in%20Portugal%20-%20Aveiro]],edifício,sem protecção legal
http://www.wikidata.org/entity/Q111146653,Cineteatro da Murtosa,DGPC-30138056,Murtosa,Murtosa,[http://www.patrimoniocultural.gov.pt/pt/patrimonio/patrimonio-imovel/pesquisa-do-patrimonio/classificado-ou-em-vias-de-classificacao/geral/view/30138056 DGPC]<br>[http://www.monumentos.gov.pt/Site/APP_PagesUser/SIPA.aspx?id=36352 SIPA],,Images from Wiki Loves Monuments 2022 in Portugal - Aveiro,[[Imagem:Camera-photo_Upload.svg|x60px|sub|alt=Carregar foto|link=https://commons.wikimedia.org/wiki/special:uploadWizard?campaign=wlm-pt&id=Q111146653&descriptionlang=pt&description=Cineteatro%20da%20Murtosa%20-%20Murtosa%20-%20Portugal%20-%20-&categories=Images%20from%20Wiki%20Loves%20Monuments%202022%20in%20Portugal%20-%20Aveiro]],"sala de cinema, teatro",sem protecção legal
http://www.wikidata.org/entity/Q98713455,Hospital da Murtosa,DGPC-11634610,Murtosa,Murtosa,[http://www.patrimoniocultural.gov.pt/pt/patrimonio/patrimonio-imovel/pesquisa-do-patrimonio/classificado-ou-em-vias-de-classificacao/geral/view/11634610 DGPC],,Images from Wiki Loves Monuments 2022 in Portugal - Aveiro,[[Imagem:Camera-photo_Upload.svg|x60px|sub|alt=Carregar foto|link=https://commons.wikimedia.org/wiki/special:uploadWizard?campaign=wlm-pt&id=Q98713455&descriptionlang=pt&description=Hospital%20da%20Murtosa%20-%20Murtosa%20-%20Portugal%20-%20-&categories=Images%20from%20Wiki%20Loves%20Monuments%202022%20in%20Portugal%20-%20Aveiro]],hospital,sem protecção legal
http://www.wikidata.org/entity/Q10356319,Quinta da Caneira,DGPC-7576638,Murtosa,Murtosa,[http://www.patrimoniocultural.gov.pt/pt/patrimonio/patrimonio-imovel/pesquisa-do-patrimonio/classificado-ou-em-vias-de-classificacao/geral/view/7576638 DGPC]<br>[http://www.monumentos.gov.pt/Site/APP_PagesUser/SIPA.aspx?id=32881 SIPA],Quinta da Caneira,Images from Wiki Loves Monuments 2022 in Portugal - Aveiro|Quinta da Caneira,[[Imagem:Camera-photo_Upload.svg|x60px|sub|alt=Carregar foto|link=https://commons.wikimedia.org/wiki/special:uploadWizard?campaign=wlm-pt&id=Q10356319&descriptionlang=pt&description=Quinta%20da%20Caneira%20-%20quinta%20na%20Murtosa%2C%20Portugal&categories=Images%20from%20Wiki%20Loves%20Monuments%202022%20in%20Portugal%20-%20Aveiro%7CQuinta%20da%20Caneira]],quinta,Imóvel de Interesse Municipal
http://www.wikidata.org/entity/Q10352197,Pousada da Ria,DGPC-11634800,Torreira,Murtosa,[http://www.patrimoniocultural.gov.pt/pt/patrimonio/patrimonio-imovel/pesquisa-do-patrimonio/classificado-ou-em-vias-de-classificacao/geral/view/11634800 DGPC]<br>[http://www.monumentos.gov.pt/Site/APP_PagesUser/SIPA.aspx?id=17340 SIPA],Pousada da Ria,Images from Wiki Loves Monuments 2022 in Portugal - Aveiro|Pousada da Ria,[[Imagem:Camera-photo_Upload.svg|x60px|sub|alt=Carregar foto|link=https://commons.wikimedia.org/wiki/special:uploadWizard?campaign=wlm-pt&id=Q10352197&descriptionlang=pt&description=Pousada%20da%20Ria%20-%20pousada%20na%20Murtosa%2C%20Portugal&categories=Images%20from%20Wiki%20Loves%20Monuments%202022%20in%20Portugal%20-%20Aveiro%7CPousada%20da%20Ria]],hotel,sem protecção legal
http://www.wikidata.org/entity/Q108861388,Casa da Quinta da Costeira,SIPA-16266,Carregosa,Oliveira de Azeméis,[http://www.patrimoniocultural.gov.pt/pt/patrimonio/patrimonio-imovel/pesquisa-do-patrimonio/classificado-ou-em-vias-de-classificacao/geral/view/3924581 DGPC]<br>[http://www.monumentos.gov.pt/Site/APP_PagesUser/SIPA.aspx?id=16266 SIPA],Casa da Quinta da Costeira,Images from Wiki Loves Monuments 2022 in Portugal - Aveiro|Casa da Quinta da Costeira,[[Imagem:Camera-photo_Upload.svg|x60px|sub|alt=Carregar foto|link=https://commons.wikimedia.org/wiki/special:uploadWizard?campaign=wlm-pt&id=Q108861388&descriptionlang=pt&description=Casa%20da%20Quinta%20da%20Costeira&categories=Images%20from%20Wiki%20Loves%20Monuments%202022%20in%20Portugal%20-%20Aveiro%7CCasa%20da%20Quinta%20da%20Costeira]],"capela, casa",Monumento de Interesse Público
http://www.wikidata.org/entity/Q66813061,Edifício Vasques,DGPC-5131862,Carregosa,Oliveira de Azeméis,[http://www.patrimoniocultural.gov.pt/pt/patrimonio/patrimonio-imovel/pesquisa-do-patrimonio/classificado-ou-em-vias-de-classificacao/geral/view/5131862 DGPC],Edifício Vasques,Images from Wiki Loves Monuments 2022 in Portugal - Aveiro|Edifício Vasques,[[Imagem:Camera-photo_Upload.svg|x60px|sub|alt=Carregar foto|link=https://commons.wikimedia.org/wiki/special:uploadWizard?campaign=wlm-pt&id=Q66813061&descriptionlang=pt&description=Edif%C3%ADcio%20Vasques%20-%20edif%C3%ADcio%20em%20Oliveira%20de%20Azem%C3%A9is%2C%20Portugal&categories=Images%20from%20Wiki%20Loves%20Monuments%202022%20in%20Portugal%20-%20Aveiro%7CEdif%C3%ADcio%20Vasques]],edifício,sem protecção legal
http://www.wikidata.org/entity/Q66813059,Quinta da Costeira,DGPC-3924581,Carregosa,Oliveira de Azeméis,[http://www.patrimoniocultural.gov.pt/pt/patrimonio/patrimonio-imovel/pesquisa-do-patrimonio/classificado-ou-em-vias-de-classificacao/geral/view/3924581 DGPC]<br>[http://www.monumentos.gov.pt/Site/APP_PagesUser/SIPA.aspx?id=9857 SIPA],Quinta da Costeira,Images from Wiki Loves Monuments 2022 in Portugal - Aveiro|Quinta da Costeira,[[Imagem:Camera-photo_Upload.svg|x60px|sub|alt=Carregar foto|link=https://commons.wikimedia.org/wiki/special:uploadWizard?campaign=wlm-pt&id=Q66813059&descriptionlang=pt&description=Quinta%20da%20Costeira%20-%20quinta%20em%20Oliveira%20de%20Azem%C3%A9is%2C%20Portugal&categories=Images%20from%20Wiki%20Loves%20Monuments%202022%20in%20Portugal%20-%20Aveiro%7CQuinta%20da%20Costeira]],quinta,Monumento de Interesse Público
http://www.wikidata.org/entity/Q98444315,Árvore isolada em Lugar do Monte. R. Abilio Campos Jardim da D. Julieta Portal Jorge,ICNF-KNJ1/562,Cesar,Oliveira de Azeméis,,,Images from Wiki Loves Monuments 2022 in Portugal - Aveiro,[[Imagem:Camera-photo_Upload.svg|x60px|sub|alt=Carregar foto|link=https://commons.wikimedia.org/wiki/special:uploadWizard?campaign=wlm-pt&id=Q98444315&descriptionlang=pt&description=%C3%81rvore%20isolada%20em%20Lugar%20do%20Monte.%20R.%20Abilio%20Campos%20Jardim%20da%20D.%20Julieta%20Portal%20Jorge%20-%20camec%C3%ADpare-de-lawson%20em%20Lugar%20do%20Monte.%20R.%20Abilio%20Campos%20Jardim%20da%20D.%20Julieta%20Portal%20Jorge&categories=Images%20from%20Wiki%20Loves%20Monuments%202022%20in%20Portugal%20-%20Aveiro]],Árvore de Interesse Público,
http://www.wikidata.org/entity/Q98444319,Árvore isolada em Escola Básica n.º 1 de Loureiro,ICNF-KNJ1/565,Loureiro,Oliveira de Azeméis,,,Images from Wiki Loves Monuments 2022 in Portugal - Aveiro,[[Imagem:Camera-photo_Upload.svg|x60px|sub|alt=Carregar foto|link=https://commons.wikimedia.org/wiki/special:uploadWizard?campaign=wlm-pt&id=Q98444319&descriptionlang=pt&description=%C3%81rvore%20isolada%20em%20Escola%20B%C3%A1sica%20n.%C2%BA%201%20de%20Loureiro%20-%20sobreiro%20em%20Escola%20B%C3%A1sica%20n.%C2%BA%201%20de%20Loureiro&categories=Images%20from%20Wiki%20Loves%20Monuments%202022%20in%20Portugal%20-%20Aveiro]],Árvore de Interesse Público,
http://www.wikidata.org/entity/Q66813063,Casa Resende,DGPC-5813125,Macieira de Sarnes,Oliveira de Azeméis,[http://www.patrimoniocultural.gov.pt/pt/patrimonio/patrimonio-imovel/pesquisa-do-patrimonio/classificado-ou-em-vias-de-classificacao/geral/view/5813125 DGPC],Casa Resende,Images from Wiki Loves Monuments 2022 in Portugal - Aveiro|Casa Resende,[[Imagem:Camera-photo_Upload.svg|x60px|sub|alt=Carregar foto|link=https://commons.wikimedia.org/wiki/special:uploadWizard?campaign=wlm-pt&id=Q66813063&descriptionlang=pt&description=Casa%20Resende%20-%20casa%20em%20Oliveira%20de%20Azem%C3%A9is%2C%20Portugal&categories=Images%20from%20Wiki%20Loves%20Monuments%202022%20in%20Portugal%20-%20Aveiro%7CCasa%20Resende]],casa,sem protecção legal
http://www.wikidata.org/entity/Q97067157,Casa do Touto,DGPC-4984543,Macieira de Sarnes,Oliveira de Azeméis,[http://www.patrimoniocultural.gov.pt/pt/patrimonio/patrimonio-imovel/pesquisa-do-patrimonio/classificado-ou-em-vias-de-classificacao/geral/view/4984543 DGPC],Casa do Touto,Images from Wiki Loves Monuments 2022 in Portugal - Aveiro|Casa do Touto,[[Imagem:Camera-photo_Upload.svg|x60px|sub|alt=Carregar foto|link=https://commons.wikimedia.org/wiki/special:uploadWizard?campaign=wlm-pt&id=Q97067157&descriptionlang=pt&description=Casa%20do%20Touto%20-%20Oliveira%20de%20Azem%C3%A9is%20-%20Portugal%20-%20Arquitectura%20Civil%20%2F%20Casa&categories=Images%20from%20Wiki%20Loves%20Monuments%202022%20in%20Portugal%20-%20Aveiro%7CCasa%20do%20Touto]],casa,sem protecção legal
http://www.wikidata.org/entity/Q66813060,Quinta de Macieira de Sarnes,DGPC-3926024,Macieira de Sarnes,Oliveira de Azeméis,[http://www.patrimoniocultural.gov.pt/pt/patrimonio/patrimonio-imovel/pesquisa-do-patrimonio/classificado-ou-em-vias-de-classificacao/geral/view/3926024 DGPC]<br>[http://www.monumentos.gov.pt/Site/APP_PagesUser/SIPA.aspx?id=9610 SIPA],Quinta de Macieira de Sarnes,Images from Wiki Loves Monuments 2022 in Portugal - Aveiro|Quinta de Macieira de Sarnes,[[Imagem:Camera-photo_Upload.svg|x60px|sub|alt=Carregar foto|link=https://commons.wikimedia.org/wiki/special:uploadWizard?campaign=wlm-pt&id=Q66813060&descriptionlang=pt&description=Quinta%20de%20Macieira%20de%20Sarnes%20-%20quinta%20em%20Oliveira%20de%20Azem%C3%A9is%2C%20Portugal&categories=Images%20from%20Wiki%20Loves%20Monuments%202022%20in%20Portugal%20-%20Aveiro%7CQuinta%20de%20Macieira%20de%20Sarnes]],quinta,Monumento de Interesse Público
http://www.wikidata.org/entity/Q96359312,Cadeia Comarcã de Oliveira de Azeméis,DGPC-10871084,"Oliveira de Azeméis, Santiago da Riba-Ul, Ul, Macinhata da Seixa e Madail",Oliveira de Azeméis,[http://www.patrimoniocultural.gov.pt/pt/patrimonio/patrimonio-imovel/pesquisa-do-patrimonio/classificado-ou-em-vias-de-classificacao/geral/view/10871084 DGPC]<br>[http://www.monumentos.gov.pt/Site/APP_PagesUser/SIPA.aspx?id=16102 SIPA],Cadeia Comarcã de Oliveira de Azeméis,Images from Wiki Loves Monuments 2022 in Portugal - Aveiro|Cadeia Comarcã de Oliveira de Azeméis,[[Imagem:Camera-photo_Upload.svg|x60px|sub|alt=Carregar foto|link=https://commons.wikimedia.org/wiki/special:uploadWizard?campaign=wlm-pt&id=Q96359312&descriptionlang=pt&description=Cadeia%20Comarc%C3%A3%20de%20Oliveira%20de%20Azem%C3%A9is%20-%20Oliveira%20de%20Azem%C3%A9is%20-%20Portugal%20-%20-&categories=Images%20from%20Wiki%20Loves%20Monuments%202022%20in%20Portugal%20-%20Aveiro%7CCadeia%20Comarc%C3%A3%20de%20Oliveira%20de%20Azem%C3%A9is]],prisão,sem protecção legal
http://www.wikidata.org/entity/Q96994547,Casa de Sequeira Monterroso,DGPC-70750,"Oliveira de Azeméis, Santiago da Riba-Ul, Ul, Macinhata da Seixa e Madail",Oliveira de Azeméis,[http://www.patrimoniocultural.gov.pt/pt/patrimonio/patrimonio-imovel/pesquisa-do-patrimonio/classificado-ou-em-vias-de-classificacao/geral/view/70750 DGPC]<br>[http://www.monumentos.gov.pt/Site/APP_PagesUser/SIPA.aspx?id=732 SIPA],Casa de Sequeira Monterroso,Images from Wiki Loves Monuments 2022 in Portugal - Aveiro|Casa de Sequeira Monterroso,[[Imagem:Camera-photo_Upload.svg|x60px|sub|alt=Carregar foto|link=https://commons.wikimedia.org/wiki/special:uploadWizard?campaign=wlm-pt&id=Q96994547&descriptionlang=pt&description=Casa%20de%20Sequeira%20Monterroso%20-%20Oliveira%20de%20Azem%C3%A9is%20-%20Portugal%20-%20Arquitectura%20Civil%20%2F%20Casa&categories=Images%20from%20Wiki%20Loves%20Monuments%202022%20in%20Portugal%20-%20Aveiro%7CCasa%20de%20Sequeira%20Monterroso]],casa,Em vias de classificação
http://www.wikidata.org/entity/Q66813054,"Casa dos Corte Real, também denominada «dos Reis e Vasconcelos»",DGPC-72371,"Oliveira de Azeméis, Santiago da Riba-Ul, Ul, Macinhata da Seixa e Madail",Oliveira de Azeméis,[http://www.patrimoniocultural.gov.pt/pt/patrimonio/patrimonio-imovel/pesquisa-do-patrimonio/classificado-ou-em-vias-de-classificacao/geral/view/72371 DGPC]<br>[http://www.monumentos.gov.pt/Site/APP_PagesUser/SIPA.aspx?id=647 SIPA],"Casa dos Corte Real, também denominada «dos Reis e Vasconcelos»","Images from Wiki Loves Monuments 2022 in Portugal - Aveiro|Casa dos Corte Real, também denominada «dos Reis e Vasconcelos»",[[Imagem:Camera-photo_Upload.svg|x60px|sub|alt=Carregar foto|link=https://commons.wikimedia.org/wiki/special:uploadWizard?campaign=wlm-pt&id=Q66813054&descriptionlang=pt&description=Casa%20dos%20Corte%20Real%2C%20tamb%C3%A9m%20denominada%20%C2%ABdos%20Reis%20e%20Vasconcelos%C2%BB%20-%20casa%20em%20Oliveira%20de%20Azem%C3%A9is%2C%20Portugal&categories=Images%20from%20Wiki%20Loves%20Monuments%202022%20in%20Portugal%20-%20Aveiro%7CCasa%20dos%20Corte%20Real%2C%20tamb%C3%A9m%20denominada%20%C2%ABdos%20Reis%20e%20Vasconcelos%C2%BB]],casa,Imóvel de Interesse Público
http://www.wikidata.org/entity/Q96808717,"Casa dos Sousa Pedrosas, incluindo largo e chafariz adjacentes",DGPC-156149,"Oliveira de Azeméis, Santiago da Riba-Ul, Ul, Macinhata da Seixa e Madail",Oliveira de Azeméis,[http://www.patrimoniocultural.gov.pt/pt/patrimonio/patrimonio-imovel/pesquisa-do-patrimonio/classificado-ou-em-vias-de-classificacao/geral/view/156149 DGPC],"Casa dos Sousa Pedrosas, incluindo largo e chafariz adjacentes","Images from Wiki Loves Monuments 2022 in Portugal - Aveiro|Casa dos Sousa Pedrosas, incluindo largo e chafariz adjacentes",[[Imagem:Camera-photo_Upload.svg|x60px|sub|alt=Carregar foto|link=https://commons.wikimedia.org/wiki/special:uploadWizard?campaign=wlm-pt&id=Q96808717&descriptionlang=pt&description=Casa%20dos%20Sousa%20Pedrosas%2C%20incluindo%20largo%20e%20chafariz%20adjacentes%20-%20Conjunto%20em%20Oliveira%20de%20Azem%C3%A9is&categories=Images%20from%20Wiki%20Loves%20Monuments%202022%20in%20Portugal%20-%20Aveiro%7CCasa%20dos%20Sousa%20Pedrosas%2C%20incluindo%20largo%20e%20chafariz%20adjacentes]],"conjunto urbano, casa",sem protecção legal
http://www.wikidata.org/entity/Q98348800,Casa e quinta do Alméu,DGPC-22982632,"Oliveira de Azeméis, Santiago da Riba-Ul, Ul, Macinhata da Seixa e Madail",Oliveira de Azeméis,[http://www.patrimoniocultural.gov.pt/pt/patrimonio/patrimonio-imovel/pesquisa-do-patrimonio/classificado-ou-em-vias-de-classificacao/geral/view/22982632 DGPC]<br>[http://www.monumentos.gov.pt/Site/APP_PagesUser/SIPA.aspx?id=22262 SIPA],Casa e quinta do Alméu,Images from Wiki Loves Monuments 2022 in Portugal - Aveiro|Casa e quinta do Alméu,[[Imagem:Camera-photo_Upload.svg|x60px|sub|alt=Carregar foto|link=https://commons.wikimedia.org/wiki/special:uploadWizard?campaign=wlm-pt&id=Q98348800&descriptionlang=pt&description=Casa%20e%20quinta%20do%20Alm%C3%A9u%20-%20Oliveira%20de%20Azem%C3%A9is%20-%20Portugal%20-%20-&categories=Images%20from%20Wiki%20Loves%20Monuments%202022%20in%20Portugal%20-%20Aveiro%7CCasa%20e%20quinta%20do%20Alm%C3%A9u]],"quinta, casa",Em vias de classificação
http://www.wikidata.org/entity/Q98443748,Conjunto arbóreo em Parque La Salete,ICNF-KNJ2/026,"Oliveira de Azeméis, Santiago da Riba-Ul, Ul, Macinhata da Seixa e Madail",Oliveira de Azeméis,,Conjunto arbóreo em Parque La Salete,Images from Wiki Loves Monuments 2022 in Portugal - Aveiro|Conjunto arbóreo em Parque La Salete,[[Imagem:Camera-photo_Upload.svg|x60px|sub|alt=Carregar foto|link=https://commons.wikimedia.org/wiki/special:uploadWizard?campaign=wlm-pt&id=Q98443748&descriptionlang=pt&description=Conjunto%20arb%C3%B3reo%20em%20Parque%20La%20Salete%20-%20sequ%C3%B3ia%2C%20%C3%A1rvore-do-ch%C3%A1-australiana%2C%20outras%20esp%C3%A9cies%20em%20Parque%20La%20Salete&categories=Images%20from%20Wiki%20Loves%20Monuments%202022%20in%20Portugal%20-%20Aveiro%7CConjunto%20arb%C3%B3reo%20em%20Parque%20La%20Salete]],"grupo, grove, Leptospermum laevigatum, Sequoia sempervirens",
http://www.wikidata.org/entity/Q66813055,"Igreja Matriz de Oliveira de Azeméis, incluindo a escadaria",DGPC-72372,"Oliveira de Azeméis, Santiago da Riba-Ul, Ul, Macinhata da Seixa e Madail",Oliveira de Azeméis,[http://www.patrimoniocultural.gov.pt/pt/patrimonio/patrimonio-imovel/pesquisa-do-patrimonio/classificado-ou-em-vias-de-classificacao/geral/view/72372 DGPC]<br>[http://www.monumentos.gov.pt/Site/APP_PagesUser/SIPA.aspx?id=866 SIPA],"Igreja Matriz de Oliveira de Azeméis, incluindo a escadaria","Images from Wiki Loves Monuments 2022 in Portugal - Aveiro|Igreja Matriz de Oliveira de Azeméis, incluindo a escadaria",[[Imagem:Camera-photo_Upload.svg|x60px|sub|alt=Carregar foto|link=https://commons.wikimedia.org/wiki/special:uploadWizard?campaign=wlm-pt&id=Q66813055&descriptionlang=pt&description=Igreja%20Matriz%20de%20Oliveira%20de%20Azem%C3%A9is%2C%20incluindo%20a%20escadaria%20-%20igreja%20em%20Oliveira%20de%20Azem%C3%A9is%2C%20Portugal&categories=Images%20from%20Wiki%20Loves%20Monuments%202022%20in%20Portugal%20-%20Aveiro%7CIgreja%20Matriz%20de%20Oliveira%20de%20Azem%C3%A9is%2C%20incluindo%20a%20escadaria]],igreja,Imóvel de Interesse Público
http://www.wikidata.org/entity/Q96279381,Ponte do Salgueiro,DGPC-74024,"Oliveira de Azeméis, Santiago da Riba-Ul, Ul, Macinhata da Seixa e Madail",Oliveira de Azeméis,[http://www.patrimoniocultural.gov.pt/pt/patrimonio/patrimonio-imovel/pesquisa-do-patrimonio/classificado-ou-em-vias-de-classificacao/geral/view/74024 DGPC]<br>[http://www.monumentos.gov.pt/Site/APP_PagesUser/SIPA.aspx?id=237 SIPA],Ponte do Salgueiro,Images from Wiki Loves Monuments 2022 in Portugal - Aveiro|Ponte do Salgueiro,[[Imagem:Camera-photo_Upload.svg|x60px|sub|alt=Carregar foto|link=https://commons.wikimedia.org/wiki/special:uploadWizard?campaign=wlm-pt&id=Q96279381&descriptionlang=pt&description=Ponte%20do%20Salgueiro%20-%20Oliveira%20de%20Azem%C3%A9is%20-%20Portugal%20-%20Arquitectura%20Civil%20%2F%20Ponte&categories=Images%20from%20Wiki%20Loves%20Monuments%202022%20in%20Portugal%20-%20Aveiro%7CPonte%20do%20Salgueiro]],ponte,Imóvel de Interesse Municipal
http://www.wikidata.org/entity/Q66813056,Castro de Ossela,DGPC-74666,Ossela,Oliveira de Azeméis,[http://www.patrimoniocultural.gov.pt/pt/patrimonio/patrimonio-imovel/pesquisa-do-patrimonio/classificado-ou-em-vias-de-classificacao/geral/view/74666 DGPC]<br>[http://www.monumentos.gov.pt/Site/APP_PagesUser/SIPA.aspx?id=615 SIPA],Castro de Ossela,Images from Wiki Loves Monuments 2022 in Portugal - Aveiro|Castro de Ossela,[[Imagem:Camera-photo_Upload.svg|x60px|sub|alt=Carregar foto|link=https://commons.wikimedia.org/wiki/special:uploadWizard?campaign=wlm-pt&id=Q66813056&descriptionlang=pt&description=Castro%20de%20Ossela%20-%20castro%20em%20Oliveira%20de%20Azem%C3%A9is%2C%20Portugal&categories=Images%20from%20Wiki%20Loves%20Monuments%202022%20in%20Portugal%20-%20Aveiro%7CCastro%20de%20Ossela]],castro,Imóvel de Interesse Público
http://www.wikidata.org/entity/Q66813057,"Capela de Nossa Senhora da Ribeira, incluindo os retábulos e esculturas",DGPC-74890,"Pinheiro da Bemposta, Travanca e Palmaz",Oliveira de Azeméis,[http://www.patrimoniocultural.gov.pt/pt/patrimonio/patrimonio-imovel/pesquisa-do-patrimonio/classificado-ou-em-vias-de-classificacao/geral/view/74890 DGPC]<br>[http://www.monumentos.gov.pt/Site/APP_PagesUser/SIPA.aspx?id=266 SIPA],Capela de Nossa Senhora da Ribeira (Oliveira de Azemeis),Images from Wiki Loves Monuments 2022 in Portugal - Aveiro|Capela de Nossa Senhora da Ribeira (Oliveira de Azemeis),[[Imagem:Camera-photo_Upload.svg|x60px|sub|alt=Carregar foto|link=https://commons.wikimedia.org/wiki/special:uploadWizard?campaign=wlm-pt&id=Q66813057&descriptionlang=pt&description=Capela%20de%20Nossa%20Senhora%20da%20Ribeira%2C%20incluindo%20os%20ret%C3%A1bulos%20e%20esculturas%20-%20capela%20em%20Oliveira%20de%20Azem%C3%A9is%2C%20Portugal&categories=Images%20from%20Wiki%20Loves%20Monuments%202022%20in%20Portugal%20-%20Aveiro%7CCapela%20de%20Nossa%20Senhora%20da%20Ribeira%20%28Oliveira%20de%20Azemeis%29]],capela,Imóvel de Interesse Público
http://www.wikidata.org/entity/Q10261927,Cruzeiro de Pinheiro da Bemposta,DGPC-69819,"Pinheiro da Bemposta, Travanca e Palmaz",Oliveira de Azeméis,[http://www.patrimoniocultural.gov.pt/pt/patrimonio/patrimonio-imovel/pesquisa-do-patrimonio/classificado-ou-em-vias-de-classificacao/geral/view/69819 DGPC]<br>[http://www.monumentos.gov.pt/Site/APP_PagesUser/SIPA.aspx?id=257 SIPA],Cruzeiro de Pinheiro da Bemposta,Images from Wiki Loves Monuments 2022 in Portugal - Aveiro|Cruzeiro de Pinheiro da Bemposta,[[Imagem:Camera-photo_Upload.svg|x60px|sub|alt=Carregar foto|link=https://commons.wikimedia.org/wiki/special:uploadWizard?campaign=wlm-pt&id=Q10261927&descriptionlang=pt&description=Cruzeiro%20de%20Pinheiro%20da%20Bemposta%20-%20cruzeiro%20em%20Oliveira%20de%20Azem%C3%A9is%2C%20Portugal&categories=Images%20from%20Wiki%20Loves%20Monuments%202022%20in%20Portugal%20-%20Aveiro%7CCruzeiro%20de%20Pinheiro%20da%20Bemposta]],"wayside cross porch, cruzeiro",Monumento Nacional
http://www.wikidata.org/entity/Q66813058,Estação da Mala-Posta do Curval,DGPC-74892,"Pinheiro da Bemposta, Travanca e Palmaz",Oliveira de Azeméis,[http://www.patrimoniocultural.gov.pt/pt/patrimonio/patrimonio-imovel/pesquisa-do-patrimonio/classificado-ou-em-vias-de-classificacao/geral/view/74892 DGPC]<br>[http://www.monumentos.gov.pt/Site/APP_PagesUser/SIPA.aspx?id=2610 SIPA],Estação da Mala-Posta do Curval,Images from Wiki Loves Monuments 2022 in Portugal - Aveiro|Estação da Mala-Posta do Curval,[[Imagem:Camera-photo_Upload.svg|x60px|sub|alt=Carregar foto|link=https://commons.wikimedia.org/wiki/special:uploadWizard?campaign=wlm-pt&id=Q66813058&descriptionlang=pt&description=Esta%C3%A7%C3%A3o%20da%20Mala-Posta%20do%20Curval%20-%20esta%C3%A7%C3%A3o%20de%20malaposta%20em%20Oliveira%20de%20Azem%C3%A9is%2C%20Portugal&categories=Images%20from%20Wiki%20Loves%20Monuments%202022%20in%20Portugal%20-%20Aveiro%7CEsta%C3%A7%C3%A3o%20da%20Mala-Posta%20do%20Curval]],estação,Imóvel de Interesse Público
http://www.wikidata.org/entity/Q10348168,Pelourinho de Pinheiro da Bemposta,DGPC-74891,"Pinheiro da Bemposta, Travanca e Palmaz",Oliveira de Azeméis,[http://www.patrimoniocultural.gov.pt/pt/patrimonio/patrimonio-imovel/pesquisa-do-patrimonio/classificado-ou-em-vias-de-classificacao/geral/view/74891 DGPC]<br>[http://www.monumentos.gov.pt/Site/APP_PagesUser/SIPA.aspx?id=228 SIPA],Pelourinho de Pinheiro da Bemposta,Images from Wiki Loves Monuments 2022 in Portugal - Aveiro|Pelourinho de Pinheiro da Bemposta,[[Imagem:Camera-photo_Upload.svg|x60px|sub|alt=Carregar foto|link=https://commons.wikimedia.org/wiki/special:uploadWizard?campaign=wlm-pt&id=Q10348168&descriptionlang=pt&description=Pelourinho%20de%20Pinheiro%20da%20Bemposta%20-%20pelourinho%20em%20Oliveira%20de%20Azem%C3%A9is%2C%20Portugal&categories=Images%20from%20Wiki%20Loves%20Monuments%202022%20in%20Portugal%20-%20Aveiro%7CPelourinho%20de%20Pinheiro%20da%20Bemposta]],pelourinho,Imóvel de Interesse Público
http://www.wikidata.org/entity/Q98444337,Árvore isolada em Cimo da Fonte,ICNF-KNJ1/200,"Pinheiro da Bemposta, Travanca e Palmaz",Oliveira de Azeméis,,,Images from Wiki Loves Monuments 2022 in Portugal - Aveiro,[[Imagem:Camera-photo_Upload.svg|x60px|sub|alt=Carregar foto|link=https://commons.wikimedia.org/wiki/special:uploadWizard?campaign=wlm-pt&id=Q98444337&descriptionlang=pt&description=%C3%81rvore%20isolada%20em%20Cimo%20da%20Fonte%20-%20pinheiro-bravo%20em%20Cimo%20da%20Fonte&categories=Images%20from%20Wiki%20Loves%20Monuments%202022%20in%20Portugal%20-%20Aveiro]],Árvore de Interesse Público,
http://www.wikidata.org/entity/Q7228121,Ponte da Pica,DGPC-69762,Vila de Cucujães,Oliveira de Azeméis,[http://www.patrimoniocultural.gov.pt/pt/patrimonio/patrimonio-imovel/pesquisa-do-patrimonio/classificado-ou-em-vias-de-classificacao/geral/view/69762 DGPC]<br>[http://www.monumentos.gov.pt/Site/APP_PagesUser/SIPA.aspx?id=650 SIPA],Ponte da Pica,Images from Wiki Loves Monuments 2022 in Portugal - Aveiro|Ponte da Pica,[[Imagem:Camera-photo_Upload.svg|x60px|sub|alt=Carregar foto|link=https://commons.wikimedia.org/wiki/special:uploadWizard?campaign=wlm-pt&id=Q7228121&descriptionlang=pt&description=Ponte%20da%20Pica%20-%20ponte%20em%20Oliveira%20de%20Azem%C3%A9is%2C%20Portugal&categories=Images%20from%20Wiki%20Loves%20Monuments%202022%20in%20Portugal%20-%20Aveiro%7CPonte%20da%20Pica]],ponte,Imóvel de Interesse Público
http://www.wikidata.org/entity/Q94948215,Quinta do Picoto,DGPC-27315634,Vila de Cucujães,Oliveira de Azeméis,[http://www.patrimoniocultural.gov.pt/pt/patrimonio/patrimonio-imovel/pesquisa-do-patrimonio/classificado-ou-em-vias-de-classificacao/geral/view/27315634 DGPC],Quinta do Picoto,Images from Wiki Loves Monuments 2022 in Portugal - Aveiro|Quinta do Picoto,[[Imagem:Camera-photo_Upload.svg|x60px|sub|alt=Carregar foto|link=https://commons.wikimedia.org/wiki/special:uploadWizard?campaign=wlm-pt&id=Q94948215&descriptionlang=pt&description=Quinta%20do%20Picoto%20-%20Oliveira%20de%20Azem%C3%A9is%20-%20Portugal%20-%20-&categories=Images%20from%20Wiki%20Loves%20Monuments%202022%20in%20Portugal%20-%20Aveiro%7CQuinta%20do%20Picoto]],quinta,sem protecção legal
http://www.wikidata.org/entity/Q66813065,Igreja de São Simão,DGPC-5085590,Oiã,Oliveira do Bairro,[http://www.patrimoniocultural.gov.pt/pt/patrimonio/patrimonio-imovel/pesquisa-do-patrimonio/classificado-ou-em-vias-de-classificacao/geral/view/5085590 DGPC]<br>[http://www.monumentos.gov.pt/Site/APP_PagesUser/SIPA.aspx?id=21960 SIPA],"Igreja de São Simão, matriz de Oiã","Images from Wiki Loves Monuments 2022 in Portugal - Aveiro|Igreja de São Simão, matriz de Oiã",[[Imagem:Camera-photo_Upload.svg|x60px|sub|alt=Carregar foto|link=https://commons.wikimedia.org/wiki/special:uploadWizard?campaign=wlm-pt&id=Q66813065&descriptionlang=pt&description=Igreja%20de%20S%C3%A3o%20Sim%C3%A3o%20-%20igreja%20em%20Oliveira%20do%20Bairro%2C%20Portugal&categories=Images%20from%20Wiki%20Loves%20Monuments%202022%20in%20Portugal%20-%20Aveiro%7CIgreja%20de%20S%C3%A3o%20Sim%C3%A3o%2C%20matriz%20de%20Oi%C3%A3]],igreja,sem protecção legal
http://www.wikidata.org/entity/Q98444789,Árvore isolada em Malhapão,ICNF-KNJ1/281,Oiã,Oliveira do Bairro,,,Images from Wiki Loves Monuments 2022 in Portugal - Aveiro,[[Imagem:Camera-photo_Upload.svg|x60px|sub|alt=Carregar foto|link=https://commons.wikimedia.org/wiki/special:uploadWizard?campaign=wlm-pt&id=Q98444789&descriptionlang=pt&description=%C3%81rvore%20isolada%20em%20Malhap%C3%A3o%20-%20sobreiro%20em%20Malhap%C3%A3o&categories=Images%20from%20Wiki%20Loves%20Monuments%202022%20in%20Portugal%20-%20Aveiro]],Árvore de Interesse Público,
http://www.wikidata.org/entity/Q66813066,Antiga Casa da Câmara e Cadeia,DGPC-7673879,Oliveira do Bairro,Oliveira do Bairro,[http://www.patrimoniocultural.gov.pt/pt/patrimonio/patrimonio-imovel/pesquisa-do-patrimonio/classificado-ou-em-vias-de-classificacao/geral/view/7673879 DGPC],,Images from Wiki Loves Monuments 2022 in Portugal - Aveiro,[[Imagem:Camera-photo_Upload.svg|x60px|sub|alt=Carregar foto|link=https://commons.wikimedia.org/wiki/special:uploadWizard?campaign=wlm-pt&id=Q66813066&descriptionlang=pt&description=Antiga%20Casa%20da%20C%C3%A2mara%20e%20Cadeia%20-%20casa%20em%20Oliveira%20do%20Bairro%2C%20Portugal&categories=Images%20from%20Wiki%20Loves%20Monuments%202022%20in%20Portugal%20-%20Aveiro]],casa,sem protecção legal
http://www.wikidata.org/entity/Q66813064,Pontes de Palhaça (3),DGPC-70902,Palhaça,Oliveira do Bairro,[http://www.patrimoniocultural.gov.pt/pt/patrimonio/patrimonio-imovel/pesquisa-do-patrimonio/classificado-ou-em-vias-de-classificacao/geral/view/70902 DGPC]<br>[http://www.monumentos.gov.pt/Site/APP_PagesUser/SIPA.aspx?id=638 SIPA],,Images from Wiki Loves Monuments 2022 in Portugal - Aveiro,[[Imagem:Camera-photo_Upload.svg|x60px|sub|alt=Carregar foto|link=https://commons.wikimedia.org/wiki/special:uploadWizard?campaign=wlm-pt&id=Q66813064&descriptionlang=pt&description=Pontes%20de%20Palha%C3%A7a%20%283%29%20-%20ponte%20em%20Oliveira%20do%20Bairro%2C%20Portugal&categories=Images%20from%20Wiki%20Loves%20Monuments%202022%20in%20Portugal%20-%20Aveiro]],ponte,sem protecção legal
http://www.wikidata.org/entity/Q10300104,Igreja Matriz de Santa Marinha de Cortegaça,DGPC-10705228,Cortegaça,Ovar,[http://www.patrimoniocultural.gov.pt/pt/patrimonio/patrimonio-imovel/pesquisa-do-patrimonio/classificado-ou-em-vias-de-classificacao/geral/view/10705228 DGPC]<br>[http://www.monumentos.gov.pt/Site/APP_PagesUser/SIPA.aspx?id=15637 SIPA],Church of Santa Marinha de Cortegaça (Ovar),Images from Wiki Loves Monuments 2022 in Portugal - Aveiro|Church of Santa Marinha de Cortegaça (Ovar),[[Imagem:Camera-photo_Upload.svg|x60px|sub|alt=Carregar foto|link=https://commons.wikimedia.org/wiki/special:uploadWizard?campaign=wlm-pt&id=Q10300104&descriptionlang=pt&description=Igreja%20Matriz%20de%20Santa%20Marinha%20de%20Cortega%C3%A7a&categories=Images%20from%20Wiki%20Loves%20Monuments%202022%20in%20Portugal%20-%20Aveiro%7CChurch%20of%20Santa%20Marinha%20de%20Cortega%C3%A7a%20%28Ovar%29]],"túmulo, igreja",Conjunto de Interesse Público
http://www.wikidata.org/entity/Q97097944,Núcleos de Palheiros nas freguesias de Esmoriz e Cortegaça,DGPC-18430341,Esmoriz,Ovar,[http://www.patrimoniocultural.gov.pt/pt/patrimonio/patrimonio-imovel/pesquisa-do-patrimonio/classificado-ou-em-vias-de-classificacao/geral/view/18430341 DGPC]<br>[http://www.monumentos.gov.pt/Site/APP_PagesUser/SIPA.aspx?id=24618 SIPA],,Images from Wiki Loves Monuments 2022 in Portugal - Aveiro,[[Imagem:Camera-photo_Upload.svg|x60px|sub|alt=Carregar foto|link=https://commons.wikimedia.org/wiki/special:uploadWizard?campaign=wlm-pt&id=Q97097944&descriptionlang=pt&description=N%C3%BAcleos%20de%20Palheiros%20nas%20freguesias%20de%20Esmoriz%20e%20Cortega%C3%A7a%20-%20Ovar%20-%20Portugal%20-%20-&categories=Images%20from%20Wiki%20Loves%20Monuments%202022%20in%20Portugal%20-%20Aveiro]],palheiro,Imóvel de Interesse Municipal
http://www.wikidata.org/entity/Q3661058,Casa Avelino Duarte e respetivo património integrado,DGPC-22016769,"Ovar, São João, Arada e São Vicente de Pereira Jusã",Ovar,[http://www.patrimoniocultural.gov.pt/pt/patrimonio/patrimonio-imovel/pesquisa-do-patrimonio/classificado-ou-em-vias-de-classificacao/geral/view/22016769 DGPC]<br>[http://www.monumentos.gov.pt/Site/APP_PagesUser/SIPA.aspx?id=35637 SIPA],,Images from Wiki Loves Monuments 2022 in Portugal - Aveiro,[[Imagem:Camera-photo_Upload.svg|x60px|sub|alt=Carregar foto|link=https://commons.wikimedia.org/wiki/special:uploadWizard?campaign=wlm-pt&id=Q3661058&descriptionlang=pt&description=Casa%20Avelino%20Duarte%20e%20respetivo%20patrim%C3%B3nio%20integrado%20-%20Ovar%20-%20Portugal%20-%20-&categories=Images%20from%20Wiki%20Loves%20Monuments%202022%20in%20Portugal%20-%20Aveiro]],casa,Em vias de classificação
http://www.wikidata.org/entity/Q66813068,Casa da Família Nunes da Silva e capela,DGPC-155815,"Ovar, São João, Arada e São Vicente de Pereira Jusã",Ovar,[http://www.patrimoniocultural.gov.pt/pt/patrimonio/patrimonio-imovel/pesquisa-do-patrimonio/classificado-ou-em-vias-de-classificacao/geral/view/155815 DGPC]<br>[http://www.monumentos.gov.pt/Site/APP_PagesUser/SIPA.aspx?id=8657 SIPA],,Images from Wiki Loves Monuments 2022 in Portugal - Aveiro,[[Imagem:Camera-photo_Upload.svg|x60px|sub|alt=Carregar foto|link=https://commons.wikimedia.org/wiki/special:uploadWizard?campaign=wlm-pt&id=Q66813068&descriptionlang=pt&description=Casa%20da%20Fam%C3%ADlia%20Nunes%20da%20Silva%20e%20capela%20-%20conjunto%20em%20Ovar%2C%20Portugal&categories=Images%20from%20Wiki%20Loves%20Monuments%202022%20in%20Portugal%20-%20Aveiro]],conjunto urbano,Imóvel de Interesse Municipal
http://www.wikidata.org/entity/Q98355080,Complexo que integra o Aron Hakodesh ou Ekhal,DGPC-20515885,"Ovar, São João, Arada e São Vicente de Pereira Jusã",Ovar,[http://www.patrimoniocultural.gov.pt/pt/patrimonio/patrimonio-imovel/pesquisa-do-patrimonio/classificado-ou-em-vias-de-classificacao/geral/view/20515885 DGPC]<br>[http://www.monumentos.gov.pt/Site/APP_PagesUser/SIPA.aspx?id=35711 SIPA],,Images from Wiki Loves Monuments 2022 in Portugal - Aveiro,[[Imagem:Camera-photo_Upload.svg|x60px|sub|alt=Carregar foto|link=https://commons.wikimedia.org/wiki/special:uploadWizard?campaign=wlm-pt&id=Q98355080&descriptionlang=pt&description=Complexo%20que%20integra%20o%20Aron%20Hakodesh%20ou%20Ekhal&categories=Images%20from%20Wiki%20Loves%20Monuments%202022%20in%20Portugal%20-%20Aveiro]],"Aron Kodesh, edifício",Em vias de classificação
http://www.wikidata.org/entity/Q98348998,Estrutura onde se integra o Aron Hakodesh ou Ekhal,DGPC-23441179,"Ovar, São João, Arada e São Vicente de Pereira Jusã",Ovar,[http://www.patrimoniocultural.gov.pt/pt/patrimonio/patrimonio-imovel/pesquisa-do-patrimonio/classificado-ou-em-vias-de-classificacao/geral/view/23441179 DGPC]<br>[http://www.monumentos.gov.pt/Site/APP_PagesUser/SIPA.aspx?id=35711 SIPA],,Images from Wiki Loves Monuments 2022 in Portugal - Aveiro,[[Imagem:Camera-photo_Upload.svg|x60px|sub|alt=Carregar foto|link=https://commons.wikimedia.org/wiki/special:uploadWizard?campaign=wlm-pt&id=Q98348998&descriptionlang=pt&description=Estrutura%20onde%20se%20integra%20o%20Aron%20Hakodesh%20ou%20Ekhal%20-%20Ovar%20-%20Portugal%20-%20-&categories=Images%20from%20Wiki%20Loves%20Monuments%202022%20in%20Portugal%20-%20Aveiro]],"Aron Kodesh, edifício",Monumento de Interesse Público
http://www.wikidata.org/entity/Q105855152,Mercado Municipal de Ovar,SIPA-26510,"Ovar, São João, Arada e São Vicente de Pereira Jusã",Ovar,[http://www.monumentos.gov.pt/Site/APP_PagesUser/SIPA.aspx?id=26510 SIPA],,Images from Wiki Loves Monuments 2022 in Portugal - Aveiro,[[Imagem:Camera-photo_Upload.svg|x60px|sub|alt=Carregar foto|link=https://commons.wikimedia.org/wiki/special:uploadWizard?campaign=wlm-pt&id=Q105855152&descriptionlang=pt&description=Mercado%20Municipal%20de%20Ovar&categories=Images%20from%20Wiki%20Loves%20Monuments%202022%20in%20Portugal%20-%20Aveiro]],mercado,Em estudo
http://www.wikidata.org/entity/Q9698297,Museu Júlio Dinis - Uma Casa Ovarense,DGPC-74014,"Ovar, São João, Arada e São Vicente de Pereira Jusã",Ovar,[http://www.patrimoniocultural.gov.pt/pt/patrimonio/patrimonio-imovel/pesquisa-do-patrimonio/classificado-ou-em-vias-de-classificacao/geral/view/74014 DGPC]<br>[http://www.monumentos.gov.pt/Site/APP_PagesUser/SIPA.aspx?id=662 SIPA],,Images from Wiki Loves Monuments 2022 in Portugal - Aveiro,[[Imagem:Camera-photo_Upload.svg|x60px|sub|alt=Carregar foto|link=https://commons.wikimedia.org/wiki/special:uploadWizard?campaign=wlm-pt&id=Q9698297&descriptionlang=pt&description=Museu%20J%C3%BAlio%20Dinis%20-%20Uma%20Casa%20Ovarense%20-%20Museu%20em%20Ovar%2C%20S%C3%A3o%20Jo%C3%A3o%2C%20Arada%20e%20S%C3%A3o%20Vicente%20de%20Pereira%20Jus%C3%A3%2C%20Portugal&categories=Images%20from%20Wiki%20Loves%20Monuments%202022%20in%20Portugal%20-%20Aveiro]],museu,Imóvel de Interesse Público
http://www.wikidata.org/entity/Q110160693,Núcleo urbano da cidade de Ovar,SIPA-28157,"Ovar, São João, Arada e São Vicente de Pereira Jusã",Ovar,[http://www.monumentos.gov.pt/Site/APP_PagesUser/SIPA.aspx?id=28157 SIPA],,Images from Wiki Loves Monuments 2022 in Portugal - Aveiro,[[Imagem:Camera-photo_Upload.svg|x60px|sub|alt=Carregar foto|link=https://commons.wikimedia.org/wiki/special:uploadWizard?campaign=wlm-pt&id=Q110160693&descriptionlang=pt&description=N%C3%BAcleo%20urbano%20da%20cidade%20de%20Ovar&categories=Images%20from%20Wiki%20Loves%20Monuments%202022%20in%20Portugal%20-%20Aveiro]],conjunto urbano,Incluído em sítio classificado
http://www.wikidata.org/entity/Q96572420,Olaria «O Caco»,DGPC-24970667,"Ovar, São João, Arada e São Vicente de Pereira Jusã",Ovar,[http://www.patrimoniocultural.gov.pt/pt/patrimonio/patrimonio-imovel/pesquisa-do-patrimonio/classificado-ou-em-vias-de-classificacao/geral/view/24970667 DGPC]<br>[http://www.monumentos.gov.pt/Site/APP_PagesUser/SIPA.aspx?id=36195 SIPA],,Images from Wiki Loves Monuments 2022 in Portugal - Aveiro,[[Imagem:Camera-photo_Upload.svg|x60px|sub|alt=Carregar foto|link=https://commons.wikimedia.org/wiki/special:uploadWizard?campaign=wlm-pt&id=Q96572420&descriptionlang=pt&description=Olaria%20%C2%ABO%20Caco%C2%BB%20-%20Ovar%20-%20Portugal%20-%20-&categories=Images%20from%20Wiki%20Loves%20Monuments%202022%20in%20Portugal%20-%20Aveiro]],complexo industrial,Em vias de classificação
http://www.wikidata.org/entity/Q10345975,Passos de Ovar,DGPC-74015,"Ovar, São João, Arada e São Vicente de Pereira Jusã",Ovar,[http://www.patrimoniocultural.gov.pt/pt/patrimonio/patrimonio-imovel/pesquisa-do-patrimonio/classificado-ou-em-vias-de-classificacao/geral/view/74015 DGPC]<br>[http://www.monumentos.gov.pt/Site/APP_PagesUser/SIPA.aspx?id=5853 SIPA],,Images from Wiki Loves Monuments 2022 in Portugal - Aveiro,[[Imagem:Camera-photo_Upload.svg|x60px|sub|alt=Carregar foto|link=https://commons.wikimedia.org/wiki/special:uploadWizard?campaign=wlm-pt&id=Q10345975&descriptionlang=pt&description=Passos%20de%20Ovar&categories=Images%20from%20Wiki%20Loves%20Monuments%202022%20in%20Portugal%20-%20Aveiro]],capela,Imóvel de Interesse Público
http://www.wikidata.org/entity/Q96484285,Centro Histórico de Pereira Jusã,DGPC-18430393,Válega,Ovar,[http://www.patrimoniocultural.gov.pt/pt/patrimonio/patrimonio-imovel/pesquisa-do-patrimonio/classificado-ou-em-vias-de-classificacao/geral/view/18430393 DGPC]<br>[http://www.monumentos.gov.pt/Site/APP_PagesUser/SIPA.aspx?id=35687 SIPA],,Images from Wiki Loves Monuments 2022 in Portugal - Aveiro,[[Imagem:Camera-photo_Upload.svg|x60px|sub|alt=Carregar foto|link=https://commons.wikimedia.org/wiki/special:uploadWizard?campaign=wlm-pt&id=Q96484285&descriptionlang=pt&description=Centro%20Hist%C3%B3rico%20de%20Pereira%20Jus%C3%A3%20-%20Ovar%20-%20Portugal%20-%20-&categories=Images%20from%20Wiki%20Loves%20Monuments%202022%20in%20Portugal%20-%20Aveiro]],centro histórico,Monumento de Interesse Municipal
http://www.wikidata.org/entity/Q96279361,Conjunto formado pela Capela da Senhora do Bom Sucesso e imóvel adjacente do princípio do século XVIII,DGPC-71610,Válega,Ovar,[http://www.patrimoniocultural.gov.pt/pt/patrimonio/patrimonio-imovel/pesquisa-do-patrimonio/classificado-ou-em-vias-de-classificacao/geral/view/71610 DGPC]<br>[http://www.monumentos.gov.pt/Site/APP_PagesUser/SIPA.aspx?id=782 SIPA],,Images from Wiki Loves Monuments 2022 in Portugal - Aveiro,[[Imagem:Camera-photo_Upload.svg|x60px|sub|alt=Carregar foto|link=https://commons.wikimedia.org/wiki/special:uploadWizard?campaign=wlm-pt&id=Q96279361&descriptionlang=pt&description=Conjunto%20formado%20pela%20Capela%20da%20Senhora%20do%20Bom%20Sucesso%20e%20im%C3%B3vel%20adjacente%20do%20princ%C3%ADpio%20do%20s%C3%A9culo%20XVIII%20-%20Ovar%20-%20Portugal%20-%20Arquitectura%20Religiosa%20%2F%20Capela&categories=Images%20from%20Wiki%20Loves%20Monuments%202022%20in%20Portugal%20-%20Aveiro]],"conjunto urbano, capela, edifício",Imóvel de Interesse Municipal
http://www.wikidata.org/entity/Q9695831,Capela de Santo Estevão da Arrifana,DGPC-6563987,Arrifana,Santa Maria da Feira,[http://www.patrimoniocultural.gov.pt/pt/patrimonio/patrimonio-imovel/pesquisa-do-patrimonio/classificado-ou-em-vias-de-classificacao/geral/view/6563987 DGPC]<br>[http://www.monumentos.gov.pt/Site/APP_PagesUser/SIPA.aspx?id=868 SIPA],Capela de Santo Estevão da Arrifana,Images from Wiki Loves Monuments 2022 in Portugal - Aveiro|Capela de Santo Estevão da Arrifana,[[Imagem:Camera-photo_Upload.svg|x60px|sub|alt=Carregar foto|link=https://commons.wikimedia.org/wiki/special:uploadWizard?campaign=wlm-pt&id=Q9695831&descriptionlang=pt&description=Capela%20de%20Santo%20Estev%C3%A3o%20da%20Arrifana&categories=Images%20from%20Wiki%20Loves%20Monuments%202022%20in%20Portugal%20-%20Aveiro%7CCapela%20de%20Santo%20Estev%C3%A3o%20da%20Arrifana]],capela,Imóvel de Interesse Municipal
http://www.wikidata.org/entity/Q98429039,Casa Senhorial em Caldas de São Jorge,DGPC-70714,Caldas de São Jorge e Pigeiros,Santa Maria da Feira,[http://www.patrimoniocultural.gov.pt/pt/patrimonio/patrimonio-imovel/pesquisa-do-patrimonio/classificado-ou-em-vias-de-classificacao/geral/view/70714 DGPC]<br>[http://www.monumentos.gov.pt/Site/APP_PagesUser/SIPA.aspx?id=254 SIPA],Casa Senhorial em Caldas de São Jorge,Images from Wiki Loves Monuments 2022 in Portugal - Aveiro|Casa Senhorial em Caldas de São Jorge,[[Imagem:Camera-photo_Upload.svg|x60px|sub|alt=Carregar foto|link=https://commons.wikimedia.org/wiki/special:uploadWizard?campaign=wlm-pt&id=Q98429039&descriptionlang=pt&description=Casa%20Senhorial%20em%20Caldas%20de%20S%C3%A3o%20Jorge&categories=Images%20from%20Wiki%20Loves%20Monuments%202022%20in%20Portugal%20-%20Aveiro%7CCasa%20Senhorial%20em%20Caldas%20de%20S%C3%A3o%20Jorge]],casa,Em vias de classificação
http://www.wikidata.org/entity/Q100605670,Edifício Termal de Caldas de São Jorge,SIPA-29887,Caldas de São Jorge e Pigeiros,Santa Maria da Feira,[http://www.monumentos.gov.pt/Site/APP_PagesUser/SIPA.aspx?id=29887 SIPA],Edifício Termal de Caldas de São Jorge,Images from Wiki Loves Monuments 2022 in Portugal - Aveiro|Edifício Termal de Caldas de São Jorge,[[Imagem:Camera-photo_Upload.svg|x60px|sub|alt=Carregar foto|link=https://commons.wikimedia.org/wiki/special:uploadWizard?campaign=wlm-pt&id=Q100605670&descriptionlang=pt&description=Edif%C3%ADcio%20Termal%20de%20Caldas%20de%20S%C3%A3o%20Jorge&categories=Images%20from%20Wiki%20Loves%20Monuments%202022%20in%20Portugal%20-%20Aveiro%7CEdif%C3%ADcio%20Termal%20de%20Caldas%20de%20S%C3%A3o%20Jorge]],edifício,Em estudo
http://www.wikidata.org/entity/Q10323461,Mamoa da Quinta da Laje,DGPC-73813,Caldas de São Jorge e Pigeiros,Santa Maria da Feira,[http://www.patrimoniocultural.gov.pt/pt/patrimonio/patrimonio-imovel/pesquisa-do-patrimonio/classificado-ou-em-vias-de-classificacao/geral/view/73813 DGPC]<br>[http://www.monumentos.gov.pt/Site/APP_PagesUser/SIPA.aspx?id=797 SIPA],Mamoa da Quinta da Laje,Images from Wiki Loves Monuments 2022 in Portugal - Aveiro|Mamoa da Quinta da Laje,[[Imagem:Camera-photo_Upload.svg|x60px|sub|alt=Carregar foto|link=https://commons.wikimedia.org/wiki/special:uploadWizard?campaign=wlm-pt&id=Q10323461&descriptionlang=pt&description=Mamoa%20da%20Quinta%20da%20Laje%20-%20mamoa%20no%20concelho%20de%20Santa%20Maria%20da%20Feira%2C%20Portugal&categories=Images%20from%20Wiki%20Loves%20Monuments%202022%20in%20Portugal%20-%20Aveiro%7CMamoa%20da%20Quinta%20da%20Laje]],mamoa,Imóvel de Interesse Público
http://www.wikidata.org/entity/Q74316997,Mamoela de Vinhó,DGPC-7029610,Caldas de São Jorge e Pigeiros,Santa Maria da Feira,[http://www.patrimoniocultural.gov.pt/pt/patrimonio/patrimonio-imovel/pesquisa-do-patrimonio/classificado-ou-em-vias-de-classificacao/geral/view/7029610 DGPC]<br>[http://www.monumentos.gov.pt/Site/APP_PagesUser/SIPA.aspx?id=267 SIPA],,Images from Wiki Loves Monuments 2022 in Portugal - Aveiro,[[Imagem:Camera-photo_Upload.svg|x60px|sub|alt=Carregar foto|link=https://commons.wikimedia.org/wiki/special:uploadWizard?campaign=wlm-pt&id=Q74316997&descriptionlang=pt&description=Mamoela%20de%20Vinh%C3%B3&categories=Images%20from%20Wiki%20Loves%20Monuments%202022%20in%20Portugal%20-%20Aveiro]],mamoa,Sítio de Interesse Público
http://www.wikidata.org/entity/Q9706878,Castro de Fiães,DGPC-73936,Fiães,Santa Maria da Feira,[http://www.patrimoniocultural.gov.pt/pt/patrimonio/patrimonio-imovel/pesquisa-do-patrimonio/classificado-ou-em-vias-de-classificacao/geral/view/73936 DGPC]<br>[http://www.monumentos.gov.pt/Site/APP_PagesUser/SIPA.aspx?id=26261 SIPA],,Images from Wiki Loves Monuments 2022 in Portugal - Aveiro,[[Imagem:Camera-photo_Upload.svg|x60px|sub|alt=Carregar foto|link=https://commons.wikimedia.org/wiki/special:uploadWizard?campaign=wlm-pt&id=Q9706878&descriptionlang=pt&description=Castro%20de%20Fi%C3%A3es%20-%20castro%20em%20Fi%C3%A3es%2C%20Portugal&categories=Images%20from%20Wiki%20Loves%20Monuments%202022%20in%20Portugal%20-%20Aveiro]],"sítio arqueológico, castro","Em vias de classificação, Imóvel de Interesse Público"
http://www.wikidata.org/entity/Q66813074,Quinta do Seixal,DGPC-7124935,Milheirós de Poiares,Santa Maria da Feira,[http://www.patrimoniocultural.gov.pt/pt/patrimonio/patrimonio-imovel/pesquisa-do-patrimonio/classificado-ou-em-vias-de-classificacao/geral/view/7124935 DGPC]<br>[http://www.monumentos.gov.pt/Site/APP_PagesUser/SIPA.aspx?id=26262 SIPA],Quinta do Seixal,Images from Wiki Loves Monuments 2022 in Portugal - Aveiro|Quinta do Seixal,[[Imagem:Camera-photo_Upload.svg|x60px|sub|alt=Carregar foto|link=https://commons.wikimedia.org/wiki/special:uploadWizard?campaign=wlm-pt&id=Q66813074&descriptionlang=pt&description=Quinta%20do%20Seixal%20-%20quinta%20em%20Santa%20Maria%20da%20Feira%2C%20Portugal&categories=Images%20from%20Wiki%20Loves%20Monuments%202022%20in%20Portugal%20-%20Aveiro%7CQuinta%20do%20Seixal]],quinta,sem protecção legal
http://www.wikidata.org/entity/Q5047902,Casa da Portela,DGPC-74964,Paços de Brandão,Santa Maria da Feira,[http://www.patrimoniocultural.gov.pt/pt/patrimonio/patrimonio-imovel/pesquisa-do-patrimonio/classificado-ou-em-vias-de-classificacao/geral/view/74964 DGPC]<br>[http://www.monumentos.gov.pt/Site/APP_PagesUser/SIPA.aspx?id=788 SIPA],Casa da Portela,Images from Wiki Loves Monuments 2022 in Portugal - Aveiro|Casa da Portela,[[Imagem:Camera-photo_Upload.svg|x60px|sub|alt=Carregar foto|link=https://commons.wikimedia.org/wiki/special:uploadWizard?campaign=wlm-pt&id=Q5047902&descriptionlang=pt&description=Casa%20da%20Portela&categories=Images%20from%20Wiki%20Loves%20Monuments%202022%20in%20Portugal%20-%20Aveiro%7CCasa%20da%20Portela]],casa,Imóvel de Interesse Público
http://www.wikidata.org/entity/Q66813071,Casa da Quinta do Engenho Novo,DGPC-74963,Paços de Brandão,Santa Maria da Feira,[http://www.patrimoniocultural.gov.pt/pt/patrimonio/patrimonio-imovel/pesquisa-do-patrimonio/classificado-ou-em-vias-de-classificacao/geral/view/74963 DGPC]<br>[http://www.monumentos.gov.pt/Site/APP_PagesUser/SIPA.aspx?id=255 SIPA],Parque Municipal de Paços de Brandão,Images from Wiki Loves Monuments 2022 in Portugal - Aveiro|Parque Municipal de Paços de Brandão,[[Imagem:Camera-photo_Upload.svg|x60px|sub|alt=Carregar foto|link=https://commons.wikimedia.org/wiki/special:uploadWizard?campaign=wlm-pt&id=Q66813071&descriptionlang=pt&description=Casa%20da%20Quinta%20do%20Engenho%20Novo%20-%20quinta%20em%20Santa%20Maria%20da%20Feira%2C%20Portugal&categories=Images%20from%20Wiki%20Loves%20Monuments%202022%20in%20Portugal%20-%20Aveiro%7CParque%20Municipal%20de%20Pa%C3%A7os%20de%20Brand%C3%A3o]],quinta,Imóvel de Interesse Público
http://www.wikidata.org/entity/Q98348971,Fábrica de Papel da Amorosa,DGPC-71393,Paços de Brandão,Santa Maria da Feira,[http://www.patrimoniocultural.gov.pt/pt/patrimonio/patrimonio-imovel/pesquisa-do-patrimonio/classificado-ou-em-vias-de-classificacao/geral/view/71393 DGPC]<br>[http://www.monumentos.gov.pt/Site/APP_PagesUser/SIPA.aspx?id=142 SIPA],Fábrica de Papel da Amorosa,Images from Wiki Loves Monuments 2022 in Portugal - Aveiro|Fábrica de Papel da Amorosa,[[Imagem:Camera-photo_Upload.svg|x60px|sub|alt=Carregar foto|link=https://commons.wikimedia.org/wiki/special:uploadWizard?campaign=wlm-pt&id=Q98348971&descriptionlang=pt&description=F%C3%A1brica%20de%20Papel%20da%20Amorosa%20-%20Santa%20Maria%20da%20Feira%20-%20Portugal%20-%20Arquitectura%20Civil%20%2F%20F%C3%A1brica&categories=Images%20from%20Wiki%20Loves%20Monuments%202022%20in%20Portugal%20-%20Aveiro%7CF%C3%A1brica%20de%20Papel%20da%20Amorosa]],fábrica,sem protecção legal
http://www.wikidata.org/entity/Q98444302,Árvore isolada em Paços Brandão - Casa da Portela,ICNF-KNJ1/548,Paços de Brandão,Santa Maria da Feira,,,Images from Wiki Loves Monuments 2022 in Portugal - Aveiro,[[Imagem:Camera-photo_Upload.svg|x60px|sub|alt=Carregar foto|link=https://commons.wikimedia.org/wiki/special:uploadWizard?campaign=wlm-pt&id=Q98444302&descriptionlang=pt&description=%C3%81rvore%20isolada%20em%20Pa%C3%A7os%20Brand%C3%A3o%20-%20Casa%20da%20Portela%20-%20nogueira%20em%20Pa%C3%A7os%20Brand%C3%A3o%20-%20Casa%20da%20Portela&categories=Images%20from%20Wiki%20Loves%20Monuments%202022%20in%20Portugal%20-%20Aveiro]],Árvore de Interesse Público,
http://www.wikidata.org/entity/Q98444307,Árvore isolada em Paços Brandão - Casa da Portela,ICNF-KNJ1/549,Paços de Brandão,Santa Maria da Feira,,,Images from Wiki Loves Monuments 2022 in Portugal - Aveiro,[[Imagem:Camera-photo_Upload.svg|x60px|sub|alt=Carregar foto|link=https://commons.wikimedia.org/wiki/special:uploadWizard?campaign=wlm-pt&id=Q98444307&descriptionlang=pt&description=%C3%81rvore%20isolada%20em%20Pa%C3%A7os%20Brand%C3%A3o%20-%20Casa%20da%20Portela%20-%20arauc%C3%A1ria-de-norfolk%20em%20Pa%C3%A7os%20Brand%C3%A3o%20-%20Casa%20da%20Portela&categories=Images%20from%20Wiki%20Loves%20Monuments%202022%20in%20Portugal%20-%20Aveiro]],Árvore de Interesse Público,
http://www.wikidata.org/entity/Q10952202,Castro de Romariz,DGPC-74793,Romariz,Santa Maria da Feira,[http://www.patrimoniocultural.gov.pt/pt/patrimonio/patrimonio-imovel/pesquisa-do-patrimonio/classificado-ou-em-vias-de-classificacao/geral/view/74793 DGPC]<br>[http://www.monumentos.gov.pt/Site/APP_PagesUser/SIPA.aspx?id=3924 SIPA],Castro de Romariz,Images from Wiki Loves Monuments 2022 in Portugal - Aveiro|Castro de Romariz,[[Imagem:Camera-photo_Upload.svg|x60px|sub|alt=Carregar foto|link=https://commons.wikimedia.org/wiki/special:uploadWizard?campaign=wlm-pt&id=Q10952202&descriptionlang=pt&description=Castro%20de%20Romariz%20-%20Castro%20em%20Romariz%2C%20Aveiro&categories=Images%20from%20Wiki%20Loves%20Monuments%202022%20in%20Portugal%20-%20Aveiro%7CCastro%20de%20Romariz]],"sítio arqueológico, castro",Imóvel de Interesse Público
http://www.wikidata.org/entity/Q98348855,Cadeia da Comarca de Santa Maria da Feira,DGPC-11051860,"Santa Maria da Feira, Travanca, Sanfins e Espargo",Santa Maria da Feira,[http://www.patrimoniocultural.gov.pt/pt/patrimonio/patrimonio-imovel/pesquisa-do-patrimonio/classificado-ou-em-vias-de-classificacao/geral/view/11051860 DGPC]<br>[http://www.monumentos.gov.pt/Site/APP_PagesUser/SIPA.aspx?id=16104 SIPA],Cadeia da Comarca de Santa Maria da Feira,Images from Wiki Loves Monuments 2022 in Portugal - Aveiro|Cadeia da Comarca de Santa Maria da Feira,[[Imagem:Camera-photo_Upload.svg|x60px|sub|alt=Carregar foto|link=https://commons.wikimedia.org/wiki/special:uploadWizard?campaign=wlm-pt&id=Q98348855&descriptionlang=pt&description=Cadeia%20da%20Comarca%20de%20Santa%20Maria%20da%20Feira%20-%20Santa%20Maria%20da%20Feira%20-%20Portugal%20-%20-&categories=Images%20from%20Wiki%20Loves%20Monuments%202022%20in%20Portugal%20-%20Aveiro%7CCadeia%20da%20Comarca%20de%20Santa%20Maria%20da%20Feira]],prisão,sem protecção legal
http://www.wikidata.org/entity/Q97364581,Capelas em Vila Maior,DGPC-6541125,"Santa Maria da Feira, Travanca, Sanfins e Espargo",Santa Maria da Feira,[http://www.patrimoniocultural.gov.pt/pt/patrimonio/patrimonio-imovel/pesquisa-do-patrimonio/classificado-ou-em-vias-de-classificacao/geral/view/6541125 DGPC],,Images from Wiki Loves Monuments 2022 in Portugal - Aveiro,[[Imagem:Camera-photo_Upload.svg|x60px|sub|alt=Carregar foto|link=https://commons.wikimedia.org/wiki/special:uploadWizard?campaign=wlm-pt&id=Q97364581&descriptionlang=pt&description=Capelas%20em%20Vila%20Maior%20-%20Santa%20Maria%20da%20Feira%20-%20Portugal%20-%20Arquitectura%20Religiosa%20%2F%20Capela&categories=Images%20from%20Wiki%20Loves%20Monuments%202022%20in%20Portugal%20-%20Aveiro]],capela,sem protecção legal
http://www.wikidata.org/entity/Q98837583,Casa dos Condes de Fijô,DGPC-6341047,"Santa Maria da Feira, Travanca, Sanfins e Espargo",Santa Maria da Feira,[http://www.patrimoniocultural.gov.pt/pt/patrimonio/patrimonio-imovel/pesquisa-do-patrimonio/classificado-ou-em-vias-de-classificacao/geral/view/6341047 DGPC]<br>[http://www.monumentos.gov.pt/Site/APP_PagesUser/SIPA.aspx?id=137 SIPA],Casa dos Condes de Fijô,Images from Wiki Loves Monuments 2022 in Portugal - Aveiro|Casa dos Condes de Fijô,[[Imagem:Camera-photo_Upload.svg|x60px|sub|alt=Carregar foto|link=https://commons.wikimedia.org/wiki/special:uploadWizard?campaign=wlm-pt&id=Q98837583&descriptionlang=pt&description=Casa%20dos%20Condes%20de%20Fij%C3%B4%20-%20Santa%20Maria%20da%20Feira%20-%20Portugal%20-%20Arquitectura%20Civil%20%2F%20Habita%C3%A7%C3%A3o&categories=Images%20from%20Wiki%20Loves%20Monuments%202022%20in%20Portugal%20-%20Aveiro%7CCasa%20dos%20Condes%20de%20Fij%C3%B4]],casa,sem protecção legal
http://www.wikidata.org/entity/Q3775726,Castelo de Santa Maria da Feira,DGPC-70478,"Santa Maria da Feira, Travanca, Sanfins e Espargo",Santa Maria da Feira,[http://www.patrimoniocultural.gov.pt/pt/patrimonio/patrimonio-imovel/pesquisa-do-patrimonio/classificado-ou-em-vias-de-classificacao/geral/view/70478 DGPC]<br>[http://www.monumentos.gov.pt/Site/APP_PagesUser/SIPA.aspx?id=1040 SIPA],Castelo de Santa Maria da Feira,Images from Wiki Loves Monuments 2022 in Portugal - Aveiro|Castelo de Santa Maria da Feira,[[Imagem:Camera-photo_Upload.svg|x60px|sub|alt=Carregar foto|link=https://commons.wikimedia.org/wiki/special:uploadWizard?campaign=wlm-pt&id=Q3775726&descriptionlang=pt&description=Castelo%20de%20Santa%20Maria%20da%20Feira%20-%20castelo%20em%20Santa%20Maria%20da%20Feira&categories=Images%20from%20Wiki%20Loves%20Monuments%202022%20in%20Portugal%20-%20Aveiro%7CCastelo%20de%20Santa%20Maria%20da%20Feira]],castelo,Monumento Nacional
http://www.wikidata.org/entity/Q9872672,Convento dos Lóios (Feira),DGPC-5035987,"Santa Maria da Feira, Travanca, Sanfins e Espargo",Santa Maria da Feira,[http://www.patrimoniocultural.gov.pt/pt/patrimonio/patrimonio-imovel/pesquisa-do-patrimonio/classificado-ou-em-vias-de-classificacao/geral/view/5035987 DGPC]<br>[http://www.monumentos.gov.pt/Site/APP_PagesUser/SIPA.aspx?id=2252 SIPA],Convento dos Lóios (Feira),Images from Wiki Loves Monuments 2022 in Portugal - Aveiro|Convento dos Lóios (Feira),[[Imagem:Camera-photo_Upload.svg|x60px|sub|alt=Carregar foto|link=https://commons.wikimedia.org/wiki/special:uploadWizard?campaign=wlm-pt&id=Q9872672&descriptionlang=pt&description=Convento%20dos%20L%C3%B3ios%20%28Feira%29&categories=Images%20from%20Wiki%20Loves%20Monuments%202022%20in%20Portugal%20-%20Aveiro%7CConvento%20dos%20L%C3%B3ios%20%28Feira%29]],convento,Monumento de Interesse Público
http://www.wikidata.org/entity/Q97364559,Edifício Misto-Arqtº Viana de Lima,DGPC-6340902,"Santa Maria da Feira, Travanca, Sanfins e Espargo",Santa Maria da Feira,[http://www.patrimoniocultural.gov.pt/pt/patrimonio/patrimonio-imovel/pesquisa-do-patrimonio/classificado-ou-em-vias-de-classificacao/geral/view/6340902 DGPC],,Images from Wiki Loves Monuments 2022 in Portugal - Aveiro,[[Imagem:Camera-photo_Upload.svg|x60px|sub|alt=Carregar foto|link=https://commons.wikimedia.org/wiki/special:uploadWizard?campaign=wlm-pt&id=Q97364559&descriptionlang=pt&description=Edif%C3%ADcio%20Misto-Arqt%C2%BA%20Viana%20de%20Lima%20-%20Santa%20Maria%20da%20Feira%20-%20Portugal%20-%20Arquitectura%20Civil%20%2F%20Mista&categories=Images%20from%20Wiki%20Loves%20Monuments%202022%20in%20Portugal%20-%20Aveiro]],edifício,sem protecção legal
http://www.wikidata.org/entity/Q66813070,"Edifícios da Mala-Posta de Sanfins, ou de São Jorge, antiga muda de Souto Redondo",DGPC-73636,"Santa Maria da Feira, Travanca, Sanfins e Espargo",Santa Maria da Feira,[http://www.patrimoniocultural.gov.pt/pt/patrimonio/patrimonio-imovel/pesquisa-do-patrimonio/classificado-ou-em-vias-de-classificacao/geral/view/73636 DGPC]<br>[http://www.monumentos.gov.pt/Site/APP_PagesUser/SIPA.aspx?id=2609 SIPA],"Edifícios da Mala-Posta de Sanfins, ou de São Jorge, antiga muda de Souto Redondo","Images from Wiki Loves Monuments 2022 in Portugal - Aveiro|Edifícios da Mala-Posta de Sanfins, ou de São Jorge, antiga muda de Souto Redondo",[[Imagem:Camera-photo_Upload.svg|x60px|sub|alt=Carregar foto|link=https://commons.wikimedia.org/wiki/special:uploadWizard?campaign=wlm-pt&id=Q66813070&descriptionlang=pt&description=Edif%C3%ADcios%20da%20Mala-Posta%20de%20Sanfins%2C%20ou%20de%20S%C3%A3o%20Jorge%2C%20antiga%20muda%20de%20Souto%20Redondo%20-%20edif%C3%ADcio%20em%20Santa%20Maria%20da%20Feira%2C%20Portugal&categories=Images%20from%20Wiki%20Loves%20Monuments%202022%20in%20Portugal%20-%20Aveiro%7CEdif%C3%ADcios%20da%20Mala-Posta%20de%20Sanfins%2C%20ou%20de%20S%C3%A3o%20Jorge%2C%20antiga%20muda%20de%20Souto%20Redondo]],edifício,Imóvel de Interesse Público
http://www.wikidata.org/entity/Q96756364,Estalagem - Arqtº Rogério de Azevedo,DGPC-6341005,"Santa Maria da Feira, Travanca, Sanfins e Espargo",Santa Maria da Feira,[http://www.patrimoniocultural.gov.pt/pt/patrimonio/patrimonio-imovel/pesquisa-do-patrimonio/classificado-ou-em-vias-de-classificacao/geral/view/6341005 DGPC]<br>[http://www.monumentos.gov.pt/Site/APP_PagesUser/SIPA.aspx?id=22769 SIPA],Estalagem - Arqtº Rogério de Azevedo,Images from Wiki Loves Monuments 2022 in Portugal - Aveiro|Estalagem - Arqtº Rogério de Azevedo,[[Imagem:Camera-photo_Upload.svg|x60px|sub|alt=Carregar foto|link=https://commons.wikimedia.org/wiki/special:uploadWizard?campaign=wlm-pt&id=Q96756364&descriptionlang=pt&description=Estalagem%20-%20Arqt%C2%BA%20Rog%C3%A9rio%20de%20Azevedo%20-%20Santa%20Maria%20da%20Feira%20-%20Portugal%20-%20Arquitectura%20Civil%20%2F%20Hotel&categories=Images%20from%20Wiki%20Loves%20Monuments%202022%20in%20Portugal%20-%20Aveiro%7CEstalagem%20-%20Arqt%C2%BA%20Rog%C3%A9rio%20de%20Azevedo]],hotel,sem protecção legal
http://www.wikidata.org/entity/Q10300279,Igreja da Misericórdia de Santa Maria da Feira,DGPC-156154,"Santa Maria da Feira, Travanca, Sanfins e Espargo",Santa Maria da Feira,[http://www.patrimoniocultural.gov.pt/pt/patrimonio/patrimonio-imovel/pesquisa-do-patrimonio/classificado-ou-em-vias-de-classificacao/geral/view/156154 DGPC]<br>[http://www.monumentos.gov.pt/Site/APP_PagesUser/SIPA.aspx?id=10866 SIPA],Igreja da Misericórdia de Santa Maria da Feira,Images from Wiki Loves Monuments 2022 in Portugal - Aveiro|Igreja da Misericórdia de Santa Maria da Feira,[[Imagem:Camera-photo_Upload.svg|x60px|sub|alt=Carregar foto|link=https://commons.wikimedia.org/wiki/special:uploadWizard?campaign=wlm-pt&id=Q10300279&descriptionlang=pt&description=Igreja%20da%20Miseric%C3%B3rdia%20de%20Santa%20Maria%20da%20Feira&categories=Images%20from%20Wiki%20Loves%20Monuments%202022%20in%20Portugal%20-%20Aveiro%7CIgreja%20da%20Miseric%C3%B3rdia%20de%20Santa%20Maria%20da%20Feira]],igreja,Monumento de Interesse Público
http://www.wikidata.org/entity/Q10328776,Mercado Municipal de Santa Maria da Feira,DGPC-6325648,"Santa Maria da Feira, Travanca, Sanfins e Espargo",Santa Maria da Feira,[http://www.patrimoniocultural.gov.pt/pt/patrimonio/patrimonio-imovel/pesquisa-do-patrimonio/classificado-ou-em-vias-de-classificacao/geral/view/6325648 DGPC]<br>[http://www.monumentos.gov.pt/Site/APP_PagesUser/SIPA.aspx?id=26266 SIPA],Mercado Municipal de Santa Maria da Feira,Images from Wiki Loves Monuments 2022 in Portugal - Aveiro|Mercado Municipal de Santa Maria da Feira,[[Imagem:Camera-photo_Upload.svg|x60px|sub|alt=Carregar foto|link=https://commons.wikimedia.org/wiki/special:uploadWizard?campaign=wlm-pt&id=Q10328776&descriptionlang=pt&description=Mercado%20Municipal%20de%20Santa%20Maria%20da%20Feira%20-%20mercado%20em%20Santa%20Maria%20da%20Feira%2C%20Portugal&categories=Images%20from%20Wiki%20Loves%20Monuments%202022%20in%20Portugal%20-%20Aveiro%7CMercado%20Municipal%20de%20Santa%20Maria%20da%20Feira]],mercado,Monumento de Interesse Público
http://www.wikidata.org/entity/Q98348903,Quinta do Castelo,DGPC-6469253,"Santa Maria da Feira, Travanca, Sanfins e Espargo",Santa Maria da Feira,[http://www.patrimoniocultural.gov.pt/pt/patrimonio/patrimonio-imovel/pesquisa-do-patrimonio/classificado-ou-em-vias-de-classificacao/geral/view/6469253 DGPC]<br>[http://www.monumentos.gov.pt/Site/APP_PagesUser/SIPA.aspx?id=26281 SIPA],Quinta do Castelo,Images from Wiki Loves Monuments 2022 in Portugal - Aveiro|Quinta do Castelo,[[Imagem:Camera-photo_Upload.svg|x60px|sub|alt=Carregar foto|link=https://commons.wikimedia.org/wiki/special:uploadWizard?campaign=wlm-pt&id=Q98348903&descriptionlang=pt&description=Quinta%20do%20Castelo%20-%20Santa%20Maria%20da%20Feira%20-%20Portugal%20-%20Arquitectura%20Civil%20%2F%20Quinta&categories=Images%20from%20Wiki%20Loves%20Monuments%202022%20in%20Portugal%20-%20Aveiro%7CQuinta%20do%20Castelo]],quinta,sem protecção legal
http://www.wikidata.org/entity/Q98444368,Árvore isolada em Domínio Público Rodoviário,ICNFAIP01093503I,"Santa Maria da Feira, Travanca, Sanfins e Espargo",Santa Maria da Feira,,,Images from Wiki Loves Monuments 2022 in Portugal - Aveiro,[[Imagem:Camera-photo_Upload.svg|x60px|sub|alt=Carregar foto|link=https://commons.wikimedia.org/wiki/special:uploadWizard?campaign=wlm-pt&id=Q98444368&descriptionlang=pt&description=%C3%81rvore%20isolada%20em%20Dom%C3%ADnio%20P%C3%BAblico%20Rodovi%C3%A1rio%20-%20t%C3%ADlia-prateada%20em%20Dom%C3%ADnio%20P%C3%BAblico%20Rodovi%C3%A1rio&categories=Images%20from%20Wiki%20Loves%20Monuments%202022%20in%20Portugal%20-%20Aveiro]],Árvore de Interesse Público,
http://www.wikidata.org/entity/Q9698228,Casa da Torre (São João de Ver),DGPC-73207,São João de Ver,Santa Maria da Feira,[http://www.patrimoniocultural.gov.pt/pt/patrimonio/patrimonio-imovel/pesquisa-do-patrimonio/classificado-ou-em-vias-de-classificacao/geral/view/73207 DGPC]<br>[http://www.monumentos.gov.pt/Site/APP_PagesUser/SIPA.aspx?id=268 SIPA],Casa da Torre (São João de Vêr),Images from Wiki Loves Monuments 2022 in Portugal - Aveiro|Casa da Torre (São João de Vêr),[[Imagem:Camera-photo_Upload.svg|x60px|sub|alt=Carregar foto|link=https://commons.wikimedia.org/wiki/special:uploadWizard?campaign=wlm-pt&id=Q9698228&descriptionlang=pt&description=Casa%20da%20Torre%20%28S%C3%A3o%20Jo%C3%A3o%20de%20Ver%29%20-%20casa%20nobre%20em%20S%C3%A3o%20Jo%C3%A3o%20de%20Ver%2C%20Santa%20Maria%20da%20Feira%2C%20Portugal&categories=Images%20from%20Wiki%20Loves%20Monuments%202022%20in%20Portugal%20-%20Aveiro%7CCasa%20da%20Torre%20%28S%C3%A3o%20Jo%C3%A3o%20de%20V%C3%AAr%29]],casa,Imóvel de Interesse Público
http://www.wikidata.org/entity/Q66813069,Troço da estrada real Lisboa - Porto em Airas,DGPC-73208,São João de Ver,Santa Maria da Feira,[http://www.patrimoniocultural.gov.pt/pt/patrimonio/patrimonio-imovel/pesquisa-do-patrimonio/classificado-ou-em-vias-de-classificacao/geral/view/73208 DGPC]<br>[http://www.monumentos.gov.pt/Site/APP_PagesUser/SIPA.aspx?id=720 SIPA],Troço da estrada real Lisboa-Porto em Airas,Images from Wiki Loves Monuments 2022 in Portugal - Aveiro|Troço da estrada real Lisboa-Porto em Airas,[[Imagem:Camera-photo_Upload.svg|x60px|sub|alt=Carregar foto|link=https://commons.wikimedia.org/wiki/special:uploadWizard?campaign=wlm-pt&id=Q66813069&descriptionlang=pt&description=Tro%C3%A7o%20da%20estrada%20real%20Lisboa%20-%20Porto%20em%20Airas%20-%20estrada%20em%20Santa%20Maria%20da%20Feira%2C%20Portugal&categories=Images%20from%20Wiki%20Loves%20Monuments%202022%20in%20Portugal%20-%20Aveiro%7CTro%C3%A7o%20da%20estrada%20real%20Lisboa-Porto%20em%20Airas]],estrada,Imóvel de Interesse Público
http://www.wikidata.org/entity/Q90813995,Quinta da Murtosa,DGPC-9237960,São Miguel de Souto e Mosteirô,Santa Maria da Feira,[http://www.patrimoniocultural.gov.pt/pt/patrimonio/patrimonio-imovel/pesquisa-do-patrimonio/classificado-ou-em-vias-de-classificacao/geral/view/9237960 DGPC]<br>[http://www.monumentos.gov.pt/Site/APP_PagesUser/SIPA.aspx?id=10351 SIPA],Quinta da Murtosa,Images from Wiki Loves Monuments 2022 in Portugal - Aveiro|Quinta da Murtosa,[[Imagem:Camera-photo_Upload.svg|x60px|sub|alt=Carregar foto|link=https://commons.wikimedia.org/wiki/special:uploadWizard?campaign=wlm-pt&id=Q90813995&descriptionlang=pt&description=Quinta%20da%20Murtosa&categories=Images%20from%20Wiki%20Loves%20Monuments%202022%20in%20Portugal%20-%20Aveiro%7CQuinta%20da%20Murtosa]],quinta,Monumento de Interesse Público
http://www.wikidata.org/entity/Q66813073,Troço da via antiga de Mosteiró,DGPC-74965,São Miguel de Souto e Mosteirô,Santa Maria da Feira,[http://www.patrimoniocultural.gov.pt/pt/patrimonio/patrimonio-imovel/pesquisa-do-patrimonio/classificado-ou-em-vias-de-classificacao/geral/view/74965 DGPC]<br>[http://www.monumentos.gov.pt/Site/APP_PagesUser/SIPA.aspx?id=197 SIPA],Troço da via antiga de Mosteiró,Images from Wiki Loves Monuments 2022 in Portugal - Aveiro|Troço da via antiga de Mosteiró,[[Imagem:Camera-photo_Upload.svg|x60px|sub|alt=Carregar foto|link=https://commons.wikimedia.org/wiki/special:uploadWizard?campaign=wlm-pt&id=Q66813073&descriptionlang=pt&description=Tro%C3%A7o%20da%20via%20antiga%20de%20Mosteir%C3%B3%20-%20via%20em%20Santa%20Maria%20da%20Feira%2C%20Portugal&categories=Images%20from%20Wiki%20Loves%20Monuments%202022%20in%20Portugal%20-%20Aveiro%7CTro%C3%A7o%20da%20via%20antiga%20de%20Mosteir%C3%B3]],via de comunicação,Imóvel de Interesse Público
http://www.wikidata.org/entity/Q98444310,Árvore isolada em Quinta de Sousa Brandão,ICNF-KNJ1/466,São Miguel de Souto e Mosteirô,Santa Maria da Feira,,,Images from Wiki Loves Monuments 2022 in Portugal - Aveiro,[[Imagem:Camera-photo_Upload.svg|x60px|sub|alt=Carregar foto|link=https://commons.wikimedia.org/wiki/special:uploadWizard?campaign=wlm-pt&id=Q98444310&descriptionlang=pt&description=%C3%81rvore%20isolada%20em%20Quinta%20de%20Sousa%20Brand%C3%A3o%20-%20tulipeiro-da-virg%C3%ADnia%20ou%20%C3%A1rvore-do-ponto%20em%20Quinta%20de%20Sousa%20Brand%C3%A3o&categories=Images%20from%20Wiki%20Loves%20Monuments%202022%20in%20Portugal%20-%20Aveiro]],Árvore de Interesse Público,
http://www.wikidata.org/entity/Q570524,Anta da Cerqueira,DGPC-74385,Couto de Esteves,Sever do Vouga,[http://www.patrimoniocultural.gov.pt/pt/patrimonio/patrimonio-imovel/pesquisa-do-patrimonio/classificado-ou-em-vias-de-classificacao/geral/view/74385 DGPC]<br>[http://www.monumentos.gov.pt/Site/APP_PagesUser/SIPA.aspx?id=668 SIPA],Anta da Cerqueira,Images from Wiki Loves Monuments 2022 in Portugal - Aveiro|Anta da Cerqueira,[[Imagem:Camera-photo_Upload.svg|x60px|sub|alt=Carregar foto|link=https://commons.wikimedia.org/wiki/special:uploadWizard?campaign=wlm-pt&id=Q570524&descriptionlang=pt&description=Anta%20da%20Cerqueira&categories=Images%20from%20Wiki%20Loves%20Monuments%202022%20in%20Portugal%20-%20Aveiro%7CAnta%20da%20Cerqueira]],anta,Imóvel de Interesse Público
http://www.wikidata.org/entity/Q66813083,Monumentos Megalíticos do Souto do Coval,DGPC-155891,Couto de Esteves,Sever do Vouga,[http://www.patrimoniocultural.gov.pt/pt/patrimonio/patrimonio-imovel/pesquisa-do-patrimonio/classificado-ou-em-vias-de-classificacao/geral/view/155891 DGPC]<br>[http://www.monumentos.gov.pt/Site/APP_PagesUser/SIPA.aspx?id=10769 SIPA],Monumentos Megalíticos do Souto do Coval,Images from Wiki Loves Monuments 2022 in Portugal - Aveiro|Monumentos Megalíticos do Souto do Coval,[[Imagem:Camera-photo_Upload.svg|x60px|sub|alt=Carregar foto|link=https://commons.wikimedia.org/wiki/special:uploadWizard?campaign=wlm-pt&id=Q66813083&descriptionlang=pt&description=Monumentos%20Megal%C3%ADticos%20do%20Souto%20do%20Coval%20-%20monumento%20megal%C3%ADtico%20em%20Sever%20do%20Vouga%2C%20Portugal&categories=Images%20from%20Wiki%20Loves%20Monuments%202022%20in%20Portugal%20-%20Aveiro%7CMonumentos%20Megal%C3%ADticos%20do%20Souto%20do%20Coval]],megalíto,sem protecção legal
http://www.wikidata.org/entity/Q11789,Pelourinho de Couto de Esteves,DGPC-73881,Couto de Esteves,Sever do Vouga,[http://www.patrimoniocultural.gov.pt/pt/patrimonio/patrimonio-imovel/pesquisa-do-patrimonio/classificado-ou-em-vias-de-classificacao/geral/view/73881 DGPC]<br>[http://www.monumentos.gov.pt/Site/APP_PagesUser/SIPA.aspx?id=229 SIPA],Pelourinho de Couto de Esteves,Images from Wiki Loves Monuments 2022 in Portugal - Aveiro|Pelourinho de Couto de Esteves,[[Imagem:Camera-photo_Upload.svg|x60px|sub|alt=Carregar foto|link=https://commons.wikimedia.org/wiki/special:uploadWizard?campaign=wlm-pt&id=Q11789&descriptionlang=pt&description=Pelourinho%20de%20Couto%20de%20Esteves%20-%20pelourinho%20em%20Sever%20do%20Vouga%2C%20Portugal&categories=Images%20from%20Wiki%20Loves%20Monuments%202022%20in%20Portugal%20-%20Aveiro%7CPelourinho%20de%20Couto%20de%20Esteves]],pelourinho,Imóvel de Interesse Público
http://www.wikidata.org/entity/Q67400450,Ponte do Poço de São Tiago,DGPC-155892,Pessegueiro do Vouga,Sever do Vouga,[http://www.patrimoniocultural.gov.pt/pt/patrimonio/patrimonio-imovel/pesquisa-do-patrimonio/classificado-ou-em-vias-de-classificacao/geral/view/155892 DGPC]<br>[http://www.monumentos.gov.pt/Site/APP_PagesUser/SIPA.aspx?id=242 SIPA],Ponte do Poço de São Tiago,Images from Wiki Loves Monuments 2022 in Portugal - Aveiro|Ponte do Poço de São Tiago,[[Imagem:Camera-photo_Upload.svg|x60px|sub|alt=Carregar foto|link=https://commons.wikimedia.org/wiki/special:uploadWizard?campaign=wlm-pt&id=Q67400450&descriptionlang=pt&description=Ponte%20do%20Po%C3%A7o%20de%20S%C3%A3o%20Tiago%20-%20ponte%20ferrovi%C3%A1ria%20em%20Sever%20do%20Vouga%2C%20Portugal&categories=Images%20from%20Wiki%20Loves%20Monuments%202022%20in%20Portugal%20-%20Aveiro%7CPonte%20do%20Po%C3%A7o%20de%20S%C3%A3o%20Tiago]],ponte ferroviária,Em vias de classificação
http://www.wikidata.org/entity/Q66813077,Casa da Aldeia,DGPC-71039,Sever do Vouga,Sever do Vouga,[http://www.patrimoniocultural.gov.pt/pt/patrimonio/patrimonio-imovel/pesquisa-do-patrimonio/classificado-ou-em-vias-de-classificacao/geral/view/71039 DGPC]<br>[http://www.monumentos.gov.pt/Site/APP_PagesUser/SIPA.aspx?id=239 SIPA],Casa da Aldeia,Images from Wiki Loves Monuments 2022 in Portugal - Aveiro|Casa da Aldeia,[[Imagem:Camera-photo_Upload.svg|x60px|sub|alt=Carregar foto|link=https://commons.wikimedia.org/wiki/special:uploadWizard?campaign=wlm-pt&id=Q66813077&descriptionlang=pt&description=Casa%20da%20Aldeia%20-%20casa%20em%20Sever%20do%20Vouga%2C%20Portugal&categories=Images%20from%20Wiki%20Loves%20Monuments%202022%20in%20Portugal%20-%20Aveiro%7CCasa%20da%20Aldeia]],casa,Imóvel de Interesse Municipal
http://www.wikidata.org/entity/Q10348197,Pelourinho de Sever do Vouga,DGPC-73765,Sever do Vouga,Sever do Vouga,[http://www.patrimoniocultural.gov.pt/pt/patrimonio/patrimonio-imovel/pesquisa-do-patrimonio/classificado-ou-em-vias-de-classificacao/geral/view/73765 DGPC]<br>[http://www.monumentos.gov.pt/Site/APP_PagesUser/SIPA.aspx?id=230 SIPA],Pelourinho de Sever do Vouga,Images from Wiki Loves Monuments 2022 in Portugal - Aveiro|Pelourinho de Sever do Vouga,[[Imagem:Camera-photo_Upload.svg|x60px|sub|alt=Carregar foto|link=https://commons.wikimedia.org/wiki/special:uploadWizard?campaign=wlm-pt&id=Q10348197&descriptionlang=pt&description=Pelourinho%20de%20Sever%20do%20Vouga%20-%20pelourinho%20em%20Sever%20do%20Vouga%2C%20Portugal&categories=Images%20from%20Wiki%20Loves%20Monuments%202022%20in%20Portugal%20-%20Aveiro%7CPelourinho%20de%20Sever%20do%20Vouga]],pelourinho,Imóvel de Interesse Público
http://www.wikidata.org/entity/Q98444757,Árvore isolada em Cemitério Velho - Igreja Matriz,ICNF-KNJ1/566,Sever do Vouga,Sever do Vouga,,,Images from Wiki Loves Monuments 2022 in Portugal - Aveiro,[[Imagem:Camera-photo_Upload.svg|x60px|sub|alt=Carregar foto|link=https://commons.wikimedia.org/wiki/special:uploadWizard?campaign=wlm-pt&id=Q98444757&descriptionlang=pt&description=%C3%81rvore%20isolada%20em%20Cemit%C3%A9rio%20Velho%20-%20Igreja%20Matriz%20-%20cameleira%20em%20Cemit%C3%A9rio%20Velho%20-%20Igreja%20Matriz&categories=Images%20from%20Wiki%20Loves%20Monuments%202022%20in%20Portugal%20-%20Aveiro]],Árvore de Interesse Público,
http://www.wikidata.org/entity/Q97098052,Centro Social Maria da Glória Almeida e Pinho,DGPC-15841460,Silva Escura e Dornelas,Sever do Vouga,[http://www.patrimoniocultural.gov.pt/pt/patrimonio/patrimonio-imovel/pesquisa-do-patrimonio/classificado-ou-em-vias-de-classificacao/geral/view/15841460 DGPC],,Images from Wiki Loves Monuments 2022 in Portugal - Aveiro,[[Imagem:Camera-photo_Upload.svg|x60px|sub|alt=Carregar foto|link=https://commons.wikimedia.org/wiki/special:uploadWizard?campaign=wlm-pt&id=Q97098052&descriptionlang=pt&description=Centro%20Social%20Maria%20da%20Gl%C3%B3ria%20Almeida%20e%20Pinho%20-%20Sever%20do%20Vouga%20-%20Portugal%20-%20-&categories=Images%20from%20Wiki%20Loves%20Monuments%202022%20in%20Portugal%20-%20Aveiro]],centro social,sem protecção legal
http://www.wikidata.org/entity/Q66813081,Pedra da Moura,DGPC-72869,Silva Escura e Dornelas,Sever do Vouga,[http://www.patrimoniocultural.gov.pt/pt/patrimonio/patrimonio-imovel/pesquisa-do-patrimonio/classificado-ou-em-vias-de-classificacao/geral/view/72869 DGPC]<br>[http://www.monumentos.gov.pt/Site/APP_PagesUser/SIPA.aspx?id=783 SIPA],,Images from Wiki Loves Monuments 2022 in Portugal - Aveiro,[[Imagem:Camera-photo_Upload.svg|x60px|sub|alt=Carregar foto|link=https://commons.wikimedia.org/wiki/special:uploadWizard?campaign=wlm-pt&id=Q66813081&descriptionlang=pt&description=Pedra%20da%20Moura%20-%20anta%20em%20Sever%20do%20Vouga%2C%20Portugal&categories=Images%20from%20Wiki%20Loves%20Monuments%202022%20in%20Portugal%20-%20Aveiro]],dólmen,Imóvel de Interesse Público
http://www.wikidata.org/entity/Q10332170,Monumento Megalítico de Chão Redondo 1 e 2,DGPC-73183,Talhadas,Sever do Vouga,[http://www.patrimoniocultural.gov.pt/pt/patrimonio/patrimonio-imovel/pesquisa-do-patrimonio/classificado-ou-em-vias-de-classificacao/geral/view/73183 DGPC]<br>[http://www.monumentos.gov.pt/Site/APP_PagesUser/SIPA.aspx?id=870 SIPA],Monumentos Megalíticos do Chão de Redondo 1 e 2,Images from Wiki Loves Monuments 2022 in Portugal - Aveiro|Monumentos Megalíticos do Chão de Redondo 1 e 2,[[Imagem:Camera-photo_Upload.svg|x60px|sub|alt=Carregar foto|link=https://commons.wikimedia.org/wiki/special:uploadWizard?campaign=wlm-pt&id=Q10332170&descriptionlang=pt&description=Monumento%20Megal%C3%ADtico%20de%20Ch%C3%A3o%20Redondo%201%20e%202&categories=Images%20from%20Wiki%20Loves%20Monuments%202022%20in%20Portugal%20-%20Aveiro%7CMonumentos%20Megal%C3%ADticos%20do%20Ch%C3%A3o%20de%20Redondo%201%20e%202]],mamoa,Imóvel de Interesse Público
http://www.wikidata.org/entity/Q66813082,Troço de via romana no lugar de Ereira,DGPC-73810,Talhadas,Sever do Vouga,[http://www.patrimoniocultural.gov.pt/pt/patrimonio/patrimonio-imovel/pesquisa-do-patrimonio/classificado-ou-em-vias-de-classificacao/geral/view/73810 DGPC]<br>[http://www.monumentos.gov.pt/Site/APP_PagesUser/SIPA.aspx?id=892 SIPA],,Images from Wiki Loves Monuments 2022 in Portugal - Aveiro,[[Imagem:Camera-photo_Upload.svg|x60px|sub|alt=Carregar foto|link=https://commons.wikimedia.org/wiki/special:uploadWizard?campaign=wlm-pt&id=Q66813082&descriptionlang=pt&description=Tro%C3%A7o%20de%20via%20romana%20no%20lugar%20de%20Ereira%20-%20via%20em%20Sever%20do%20Vouga%2C%20Portugal&categories=Images%20from%20Wiki%20Loves%20Monuments%202022%20in%20Portugal%20-%20Aveiro]],"estrutura da Roma Antiga, estrada romana",Imóvel de Interesse Público
http://www.wikidata.org/entity/Q96639878,CTT de São João da Madeira,DGPC-10971020,São João da Madeira,São João da Madeira,[http://www.patrimoniocultural.gov.pt/pt/patrimonio/patrimonio-imovel/pesquisa-do-patrimonio/classificado-ou-em-vias-de-classificacao/geral/view/10971020 DGPC]<br>[http://www.monumentos.gov.pt/Site/APP_PagesUser/SIPA.aspx?id=21178 SIPA],,Images from Wiki Loves Monuments 2022 in Portugal - Aveiro,[[Imagem:Camera-photo_Upload.svg|x60px|sub|alt=Carregar foto|link=https://commons.wikimedia.org/wiki/special:uploadWizard?campaign=wlm-pt&id=Q96639878&descriptionlang=pt&description=CTT%20de%20S%C3%A3o%20Jo%C3%A3o%20da%20Madeira%20-%20S%C3%A3o%20Jo%C3%A3o%20da%20Madeira%20-%20Portugal%20-%20-&categories=Images%20from%20Wiki%20Loves%20Monuments%202022%20in%20Portugal%20-%20Aveiro]],posto de correio,sem protecção legal
http://www.wikidata.org/entity/Q66813075,Casa da Quinta do Morgado,DGPC-72280,São João da Madeira,São João da Madeira,[http://www.patrimoniocultural.gov.pt/pt/patrimonio/patrimonio-imovel/pesquisa-do-patrimonio/classificado-ou-em-vias-de-classificacao/geral/view/72280 DGPC]<br>[http://www.monumentos.gov.pt/Site/APP_PagesUser/SIPA.aspx?id=222 SIPA],Casa da Quinta do Morgado,Images from Wiki Loves Monuments 2022 in Portugal - Aveiro|Casa da Quinta do Morgado,[[Imagem:Camera-photo_Upload.svg|x60px|sub|alt=Carregar foto|link=https://commons.wikimedia.org/wiki/special:uploadWizard?campaign=wlm-pt&id=Q66813075&descriptionlang=pt&description=Casa%20da%20Quinta%20do%20Morgado%20-%20conjunto%20em%20S%C3%A3o%20Jo%C3%A3o%20da%20Madeira%2C%20Portugal&categories=Images%20from%20Wiki%20Loves%20Monuments%202022%20in%20Portugal%20-%20Aveiro%7CCasa%20da%20Quinta%20do%20Morgado]],conjunto urbano,Monumento de Interesse Público
http://www.wikidata.org/entity/Q97083044,Hospital de São João da Madeira,DGPC-11655611,São João da Madeira,São João da Madeira,[http://www.patrimoniocultural.gov.pt/pt/patrimonio/patrimonio-imovel/pesquisa-do-patrimonio/classificado-ou-em-vias-de-classificacao/geral/view/11655611 DGPC],,Images from Wiki Loves Monuments 2022 in Portugal - Aveiro,[[Imagem:Camera-photo_Upload.svg|x60px|sub|alt=Carregar foto|link=https://commons.wikimedia.org/wiki/special:uploadWizard?campaign=wlm-pt&id=Q97083044&descriptionlang=pt&description=Hospital%20de%20S%C3%A3o%20Jo%C3%A3o%20da%20Madeira%20-%20S%C3%A3o%20Jo%C3%A3o%20da%20Madeira%20-%20Portugal%20-%20-&categories=Images%20from%20Wiki%20Loves%20Monuments%202022%20in%20Portugal%20-%20Aveiro]],hospital,sem protecção legal
http://www.wikidata.org/entity/Q66813076,OLIVA,DGPC-6647297,São João da Madeira,São João da Madeira,[http://www.patrimoniocultural.gov.pt/pt/patrimonio/patrimonio-imovel/pesquisa-do-patrimonio/classificado-ou-em-vias-de-classificacao/geral/view/6647297 DGPC]<br>[http://www.monumentos.gov.pt/Site/APP_PagesUser/SIPA.aspx?id=29882 SIPA],OLIVA,Images from Wiki Loves Monuments 2022 in Portugal - Aveiro|OLIVA,[[Imagem:Camera-photo_Upload.svg|x60px|sub|alt=Carregar foto|link=https://commons.wikimedia.org/wiki/special:uploadWizard?campaign=wlm-pt&id=Q66813076&descriptionlang=pt&description=OLIVA%20-%20arquitectura%20industrial%20moderna%20%281925-1965%29%20em%20S%C3%A3o%20Jo%C3%A3o%20da%20Madeira%2C%20Portugal&categories=Images%20from%20Wiki%20Loves%20Monuments%202022%20in%20Portugal%20-%20Aveiro%7COLIVA]],"património industrial, fábrica","Património Industrial, Em estudo"
http://www.wikidata.org/entity/Q105855075,Igreja Paroquial de Arões,SIPA-10487,Arões,Vale de Cambra,[http://www.monumentos.gov.pt/Site/APP_PagesUser/SIPA.aspx?id=10487 SIPA],,Images from Wiki Loves Monuments 2022 in Portugal - Aveiro,[[Imagem:Camera-photo_Upload.svg|x60px|sub|alt=Carregar foto|link=https://commons.wikimedia.org/wiki/special:uploadWizard?campaign=wlm-pt&id=Q105855075&descriptionlang=pt&description=Igreja%20Paroquial%20de%20Ar%C3%B5es&categories=Images%20from%20Wiki%20Loves%20Monuments%202022%20in%20Portugal%20-%20Aveiro]],igreja,Em estudo
http://www.wikidata.org/entity/Q66813086,Outeiro dos Riscos,DGPC-6291577,Cepelos,Vale de Cambra,[http://www.patrimoniocultural.gov.pt/pt/patrimonio/patrimonio-imovel/pesquisa-do-patrimonio/classificado-ou-em-vias-de-classificacao/geral/view/6291577 DGPC]<br>[http://www.monumentos.gov.pt/Site/APP_PagesUser/SIPA.aspx?id=11349 SIPA],,Images from Wiki Loves Monuments 2022 in Portugal - Aveiro,[[Imagem:Camera-photo_Upload.svg|x60px|sub|alt=Carregar foto|link=https://commons.wikimedia.org/wiki/special:uploadWizard?campaign=wlm-pt&id=Q66813086&descriptionlang=pt&description=Outeiro%20dos%20Riscos%20-%20gravura%20em%20Vale%20de%20Cambra%2C%20Portugal&categories=Images%20from%20Wiki%20Loves%20Monuments%202022%20in%20Portugal%20-%20Aveiro]],arte rupestre,Sítio de Interesse Público
http://www.wikidata.org/entity/Q7228134,Ponte de Cavalos,DGPC-3928831,Cepelos,Vale de Cambra,[http://www.patrimoniocultural.gov.pt/pt/patrimonio/patrimonio-imovel/pesquisa-do-patrimonio/classificado-ou-em-vias-de-classificacao/geral/view/3928831 DGPC]<br>[http://www.monumentos.gov.pt/Site/APP_PagesUser/SIPA.aspx?id=10198 SIPA],Ponte de Cavalos,Images from Wiki Loves Monuments 2022 in Portugal - Aveiro|Ponte de Cavalos,[[Imagem:Camera-photo_Upload.svg|x60px|sub|alt=Carregar foto|link=https://commons.wikimedia.org/wiki/special:uploadWizard?campaign=wlm-pt&id=Q7228134&descriptionlang=pt&description=Ponte%20de%20Cavalos%20-%20ponte%20em%20Vale%20de%20Cambra%2C%20Portugal&categories=Images%20from%20Wiki%20Loves%20Monuments%202022%20in%20Portugal%20-%20Aveiro%7CPonte%20de%20Cavalos]],ponte,sem protecção legal
http://www.wikidata.org/entity/Q10348132,Pelourinho de Macieira,DGPC-73764,Macieira de Cambra,Vale de Cambra,[http://www.patrimoniocultural.gov.pt/pt/patrimonio/patrimonio-imovel/pesquisa-do-patrimonio/classificado-ou-em-vias-de-classificacao/geral/view/73764 DGPC]<br>[http://www.monumentos.gov.pt/Site/APP_PagesUser/SIPA.aspx?id=660 SIPA],Pelourinho de Macieira de Cambra,Images from Wiki Loves Monuments 2022 in Portugal - Aveiro|Pelourinho de Macieira de Cambra,[[Imagem:Camera-photo_Upload.svg|x60px|sub|alt=Carregar foto|link=https://commons.wikimedia.org/wiki/special:uploadWizard?campaign=wlm-pt&id=Q10348132&descriptionlang=pt&description=Pelourinho%20de%20Macieira%20-%20pelourinho%20em%20Vale%20de%20Cambra%2C%20Portugal&categories=Images%20from%20Wiki%20Loves%20Monuments%202022%20in%20Portugal%20-%20Aveiro%7CPelourinho%20de%20Macieira%20de%20Cambra]],pelourinho,Imóvel de Interesse Público
http://www.wikidata.org/entity/Q7228117,Ponte Velha,DGPC-3929414,Macieira de Cambra,Vale de Cambra,[http://www.patrimoniocultural.gov.pt/pt/patrimonio/patrimonio-imovel/pesquisa-do-patrimonio/classificado-ou-em-vias-de-classificacao/geral/view/3929414 DGPC]<br>[http://www.monumentos.gov.pt/Site/APP_PagesUser/SIPA.aspx?id=9803 SIPA],Ponte Velha (Macieira de Cambra),Images from Wiki Loves Monuments 2022 in Portugal - Aveiro|Ponte Velha (Macieira de Cambra),[[Imagem:Camera-photo_Upload.svg|x60px|sub|alt=Carregar foto|link=https://commons.wikimedia.org/wiki/special:uploadWizard?campaign=wlm-pt&id=Q7228117&descriptionlang=pt&description=Ponte%20Velha%20-%20ponte%20em%20Vale%20de%20Cambra%2C%20Portugal&categories=Images%20from%20Wiki%20Loves%20Monuments%202022%20in%20Portugal%20-%20Aveiro%7CPonte%20Velha%20%28Macieira%20de%20Cambra%29]],ponte,sem protecção legal
http://www.wikidata.org/entity/Q66813084,Conjunto constituído pela Ponte da Fontinha e moinho junto,DGPC-3928543,Roge,Vale de Cambra,[http://www.patrimoniocultural.gov.pt/pt/patrimonio/patrimonio-imovel/pesquisa-do-patrimonio/classificado-ou-em-vias-de-classificacao/geral/view/3928543 DGPC]<br>[http://www.monumentos.gov.pt/Site/APP_PagesUser/SIPA.aspx?id=10204 SIPA],Conjunto constituído pela Ponte da Fontinha e moinho junto,Images from Wiki Loves Monuments 2022 in Portugal - Aveiro|Conjunto constituído pela Ponte da Fontinha e moinho junto,[[Imagem:Camera-photo_Upload.svg|x60px|sub|alt=Carregar foto|link=https://commons.wikimedia.org/wiki/special:uploadWizard?campaign=wlm-pt&id=Q66813084&descriptionlang=pt&description=Conjunto%20constitu%C3%ADdo%20pela%20Ponte%20da%20Fontinha%20e%20moinho%20junto%20-%20conjunto%20em%20Vale%20de%20Cambra%2C%20Portugal&categories=Images%20from%20Wiki%20Loves%20Monuments%202022%20in%20Portugal%20-%20Aveiro%7CConjunto%20constitu%C3%ADdo%20pela%20Ponte%20da%20Fontinha%20e%20moinho%20junto]],conjunto urbano,sem protecção legal
http://www.wikidata.org/entity/Q10261930,Cruzeiro de Roge,DGPC-72369,Roge,Vale de Cambra,[http://www.patrimoniocultural.gov.pt/pt/patrimonio/patrimonio-imovel/pesquisa-do-patrimonio/classificado-ou-em-vias-de-classificacao/geral/view/72369 DGPC]<br>[http://www.monumentos.gov.pt/Site/APP_PagesUser/SIPA.aspx?id=272 SIPA],Cruzeiro de Roge,Images from Wiki Loves Monuments 2022 in Portugal - Aveiro|Cruzeiro de Roge,[[Imagem:Camera-photo_Upload.svg|x60px|sub|alt=Carregar foto|link=https://commons.wikimedia.org/wiki/special:uploadWizard?campaign=wlm-pt&id=Q10261930&descriptionlang=pt&description=Cruzeiro%20de%20Roge%20-%20cruzeiro%20no%20munic%C3%ADpio%20de%20Vale%20de%20Cambra%2C%20Portugal&categories=Images%20from%20Wiki%20Loves%20Monuments%202022%20in%20Portugal%20-%20Aveiro%7CCruzeiro%20de%20Roge]],cruzeiro,Imóvel de Interesse Público
http://www.wikidata.org/entity/Q10300589,Igreja de Roge,SIPA-233,Roge,Vale de Cambra,[http://www.monumentos.gov.pt/Site/APP_PagesUser/SIPA.aspx?id=233 SIPA],Igreja Paroquial de Roge,Images from Wiki Loves Monuments 2022 in Portugal - Aveiro|Igreja Paroquial de Roge,[[Imagem:Camera-photo_Upload.svg|x60px|sub|alt=Carregar foto|link=https://commons.wikimedia.org/wiki/special:uploadWizard?campaign=wlm-pt&id=Q10300589&descriptionlang=pt&description=Igreja%20de%20Roge&categories=Images%20from%20Wiki%20Loves%20Monuments%202022%20in%20Portugal%20-%20Aveiro%7CIgreja%20Paroquial%20de%20Roge]],igreja,Incluído em sítio classificado
http://www.wikidata.org/entity/Q10351410,Ponte de Paço de Mato,SIPA-10204,Roge,Vale de Cambra,[http://www.patrimoniocultural.gov.pt/pt/patrimonio/patrimonio-imovel/pesquisa-do-patrimonio/classificado-ou-em-vias-de-classificacao/geral/view/3928543 DGPC]<br>[http://www.monumentos.gov.pt/Site/APP_PagesUser/SIPA.aspx?id=10204 SIPA],Ponte de Paço de Mato,Images from Wiki Loves Monuments 2022 in Portugal - Aveiro|Ponte de Paço de Mato,[[Imagem:Camera-photo_Upload.svg|x60px|sub|alt=Carregar foto|link=https://commons.wikimedia.org/wiki/special:uploadWizard?campaign=wlm-pt&id=Q10351410&descriptionlang=pt&description=Ponte%20de%20Pa%C3%A7o%20de%20Mato%20-%20ponte%20em%20Vale%20de%20Cambra%2C%20Portugal&categories=Images%20from%20Wiki%20Loves%20Monuments%202022%20in%20Portugal%20-%20Aveiro%7CPonte%20de%20Pa%C3%A7o%20de%20Mato]],ponte,sem protecção legal
http://www.wikidata.org/entity/Q7228156,Ponte do Castelo,DGPC-3929297,Roge,Vale de Cambra,[http://www.patrimoniocultural.gov.pt/pt/patrimonio/patrimonio-imovel/pesquisa-do-patrimonio/classificado-ou-em-vias-de-classificacao/geral/view/3929297 DGPC]<br>[http://www.monumentos.gov.pt/Site/APP_PagesUser/SIPA.aspx?id=9805 SIPA],Ponte do Castelo (Vale de Cambra),Images from Wiki Loves Monuments 2022 in Portugal - Aveiro|Ponte do Castelo (Vale de Cambra),[[Imagem:Camera-photo_Upload.svg|x60px|sub|alt=Carregar foto|link=https://commons.wikimedia.org/wiki/special:uploadWizard?campaign=wlm-pt&id=Q7228156&descriptionlang=pt&description=Ponte%20do%20Castelo&categories=Images%20from%20Wiki%20Loves%20Monuments%202022%20in%20Portugal%20-%20Aveiro%7CPonte%20do%20Castelo%20%28Vale%20de%20Cambra%29]],ponte,sem protecção legal
http://www.wikidata.org/entity/Q96624194,Igreja Matriz de São Pedro de Castelões,DGPC-5961539,São Pedro de Castelões,Vale de Cambra,[http://www.patrimoniocultural.gov.pt/pt/patrimonio/patrimonio-imovel/pesquisa-do-patrimonio/classificado-ou-em-vias-de-classificacao/geral/view/5961539 DGPC]<br>[http://www.monumentos.gov.pt/Site/APP_PagesUser/SIPA.aspx?id=9800 SIPA],Igreja Matriz de São Pedro de Castelões,Images from Wiki Loves Monuments 2022 in Portugal - Aveiro|Igreja Matriz de São Pedro de Castelões,[[Imagem:Camera-photo_Upload.svg|x60px|sub|alt=Carregar foto|link=https://commons.wikimedia.org/wiki/special:uploadWizard?campaign=wlm-pt&id=Q96624194&descriptionlang=pt&description=Igreja%20Matriz%20de%20S%C3%A3o%20Pedro%20de%20Castel%C3%B5es%20-%20Vale%20de%20Cambra%20-%20Portugal%20-%20Arquitectura%20Religiosa%20%2F%20Igreja&categories=Images%20from%20Wiki%20Loves%20Monuments%202022%20in%20Portugal%20-%20Aveiro%7CIgreja%20Matriz%20de%20S%C3%A3o%20Pedro%20de%20Castel%C3%B5es]],igreja,sem protecção legal
http://www.wikidata.org/entity/Q7228135,Ponte de Coronados,DGPC-3929148,São Pedro de Castelões,Vale de Cambra,[http://www.patrimoniocultural.gov.pt/pt/patrimonio/patrimonio-imovel/pesquisa-do-patrimonio/classificado-ou-em-vias-de-classificacao/geral/view/3929148 DGPC]<br>[http://www.monumentos.gov.pt/Site/APP_PagesUser/SIPA.aspx?id=9796 SIPA],Ponte de Coronados,Images from Wiki Loves Monuments 2022 in Portugal - Aveiro|Ponte de Coronados,[[Imagem:Camera-photo_Upload.svg|x60px|sub|alt=Carregar foto|link=https://commons.wikimedia.org/wiki/special:uploadWizard?campaign=wlm-pt&id=Q7228135&descriptionlang=pt&description=Ponte%20de%20Coronados&categories=Images%20from%20Wiki%20Loves%20Monuments%202022%20in%20Portugal%20-%20Aveiro%7CPonte%20de%20Coronados]],ponte,sem protecção legal
http://www.wikidata.org/entity/Q98799335,Centro de Saúde de Vale de Cambra,DGPC-11052094,Vale de Cambra,Vale de Cambra,[http://www.patrimoniocultural.gov.pt/pt/patrimonio/patrimonio-imovel/pesquisa-do-patrimonio/classificado-ou-em-vias-de-classificacao/geral/view/11052094 DGPC],Centro de Saúde de Vale de Cambra,Images from Wiki Loves Monuments 2022 in Portugal - Aveiro|Centro de Saúde de Vale de Cambra,[[Imagem:Camera-photo_Upload.svg|x60px|sub|alt=Carregar foto|link=https://commons.wikimedia.org/wiki/special:uploadWizard?campaign=wlm-pt&id=Q98799335&descriptionlang=pt&description=Centro%20de%20Sa%C3%BAde%20de%20Vale%20de%20Cambra%20-%20Vale%20de%20Cambra%20-%20Portugal%20-%20-&categories=Images%20from%20Wiki%20Loves%20Monuments%202022%20in%20Portugal%20-%20Aveiro%7CCentro%20de%20Sa%C3%BAde%20de%20Vale%20de%20Cambra]],centro de saúde,sem protecção legal
http://www.wikidata.org/entity/Q10348043,Pelourinho de Aguada de Cima,DGPC-74966,Aguada de Cima,Águeda,[http://www.patrimoniocultural.gov.pt/pt/patrimonio/patrimonio-imovel/pesquisa-do-patrimonio/classificado-ou-em-vias-de-classificacao/geral/view/74966 DGPC]<br>[http://www.monumentos.gov.pt/Site/APP_PagesUser/SIPA.aspx?id=671 SIPA],,Images from Wiki Loves Monuments 2022 in Portugal - Aveiro,[[Imagem:Camera-photo_Upload.svg|x60px|sub|alt=Carregar foto|link=https://commons.wikimedia.org/wiki/special:uploadWizard?campaign=wlm-pt&id=Q10348043&descriptionlang=pt&description=Pelourinho%20de%20Aguada%20de%20Cima%20-%20pelourinho%20em%20%C3%81gueda%2C%20Portugal&categories=Images%20from%20Wiki%20Loves%20Monuments%202022%20in%20Portugal%20-%20Aveiro]],pelourinho,Imóvel de Interesse Público
http://www.wikidata.org/entity/Q16892616,Igreja Matriz de Belazaima do Chão,DGPC-3711006,"Belazaima do Chão, Castanheira do Vouga e Agadão",Águeda,[http://www.patrimoniocultural.gov.pt/pt/patrimonio/patrimonio-imovel/pesquisa-do-patrimonio/classificado-ou-em-vias-de-classificacao/geral/view/3711006 DGPC]<br>[http://www.monumentos.gov.pt/Site/APP_PagesUser/SIPA.aspx?id=23244 SIPA],,Images from Wiki Loves Monuments 2022 in Portugal - Aveiro,[[Imagem:Camera-photo_Upload.svg|x60px|sub|alt=Carregar foto|link=https://commons.wikimedia.org/wiki/special:uploadWizard?campaign=wlm-pt&id=Q16892616&descriptionlang=pt&description=Igreja%20Matriz%20de%20Belazaima%20do%20Ch%C3%A3o%20-%20igreja%20em%20%C3%81gueda%2C%20Portugal&categories=Images%20from%20Wiki%20Loves%20Monuments%202022%20in%20Portugal%20-%20Aveiro]],igreja paroquial,Monumento de Interesse Público
http://www.wikidata.org/entity/Q74473744,Igreja de Santa Maria Madalena,DGPC-155585,"Belazaima do Chão, Castanheira do Vouga e Agadão",Águeda,[http://www.patrimoniocultural.gov.pt/pt/patrimonio/patrimonio-imovel/pesquisa-do-patrimonio/classificado-ou-em-vias-de-classificacao/geral/view/155585 DGPC]<br>[http://www.monumentos.gov.pt/Site/APP_PagesUser/SIPA.aspx?id=23414 SIPA],,Images from Wiki Loves Monuments 2022 in Portugal - Aveiro,[[Imagem:Camera-photo_Upload.svg|x60px|sub|alt=Carregar foto|link=https://commons.wikimedia.org/wiki/special:uploadWizard?campaign=wlm-pt&id=Q74473744&descriptionlang=pt&description=Igreja%20de%20Santa%20Maria%20Madalena&categories=Images%20from%20Wiki%20Loves%20Monuments%202022%20in%20Portugal%20-%20Aveiro]],igreja,Monumento de Interesse Público
http://www.wikidata.org/entity/Q98444780,Árvore isolada em Belazaima do Chão,ICNF-KNJ1/238,"Belazaima do Chão, Castanheira do Vouga e Agadão",Águeda,,,Images from Wiki Loves Monuments 2022 in Portugal - Aveiro,[[Imagem:Camera-photo_Upload.svg|x60px|sub|alt=Carregar foto|link=https://commons.wikimedia.org/wiki/special:uploadWizard?campaign=wlm-pt&id=Q98444780&descriptionlang=pt&description=%C3%81rvore%20isolada%20em%20Belazaima%20do%20Ch%C3%A3o%20-%20sobreiro%20em%20Belazaima%20do%20Ch%C3%A3o&categories=Images%20from%20Wiki%20Loves%20Monuments%202022%20in%20Portugal%20-%20Aveiro]],Árvore de Interesse Público,
http://www.wikidata.org/entity/Q67559427,Pelourinho de Serém,DGPC-12712556,Macinhata do Vouga,Águeda,[http://www.patrimoniocultural.gov.pt/pt/patrimonio/patrimonio-imovel/pesquisa-do-patrimonio/classificado-ou-em-vias-de-classificacao/geral/view/12712556 DGPC]<br>[http://www.monumentos.gov.pt/Site/APP_PagesUser/SIPA.aspx?id=21600 SIPA],Pelourinho de Serém,Images from Wiki Loves Monuments 2022 in Portugal - Aveiro|Pelourinho de Serém,[[Imagem:Camera-photo_Upload.svg|x60px|sub|alt=Carregar foto|link=https://commons.wikimedia.org/wiki/special:uploadWizard?campaign=wlm-pt&id=Q67559427&descriptionlang=pt&description=Pelourinho%20de%20Ser%C3%A9m%20-%20pelourinho%20em%20%C3%81gueda%2C%20Portugal&categories=Images%20from%20Wiki%20Loves%20Monuments%202022%20in%20Portugal%20-%20Aveiro%7CPelourinho%20de%20Ser%C3%A9m]],pelourinho,Imóvel de Interesse Público
http://www.wikidata.org/entity/Q7228159,Ponte do Vouga,DGPC-31315649,Macinhata do Vouga,Águeda,[http://www.patrimoniocultural.gov.pt/pt/patrimonio/patrimonio-imovel/pesquisa-do-patrimonio/classificado-ou-em-vias-de-classificacao/geral/view/31315649 DGPC]<br>[http://www.monumentos.gov.pt/Site/APP_PagesUser/SIPA.aspx?id=25092 SIPA],Ponte do Vouga,Images from Wiki Loves Monuments 2022 in Portugal - Aveiro|Ponte do Vouga,[[Imagem:Camera-photo_Upload.svg|x60px|sub|alt=Carregar foto|link=https://commons.wikimedia.org/wiki/special:uploadWizard?campaign=wlm-pt&id=Q7228159&descriptionlang=pt&description=Ponte%20do%20Vouga%20-%20ponte%20sobre%20o%20rio%20Vouga%2C%20no%20munic%C3%ADpio%20de%20%C3%81gueda%2C%20Portugal&categories=Images%20from%20Wiki%20Loves%20Monuments%202022%20in%20Portugal%20-%20Aveiro%7CPonte%20do%20Vouga]],ponte,sem protecção legal
http://www.wikidata.org/entity/Q98348820,Pousada de Vale do Vouga,DGPC-10756820,Macinhata do Vouga,Águeda,[http://www.patrimoniocultural.gov.pt/pt/patrimonio/patrimonio-imovel/pesquisa-do-patrimonio/classificado-ou-em-vias-de-classificacao/geral/view/10756820 DGPC]<br>[http://www.monumentos.gov.pt/Site/APP_PagesUser/SIPA.aspx?id=17386 SIPA],,Images from Wiki Loves Monuments 2022 in Portugal - Aveiro,[[Imagem:Camera-photo_Upload.svg|x60px|sub|alt=Carregar foto|link=https://commons.wikimedia.org/wiki/special:uploadWizard?campaign=wlm-pt&id=Q98348820&descriptionlang=pt&description=Pousada%20de%20Vale%20do%20Vouga%20-%20%C3%81gueda%20-%20Portugal%20-%20-&categories=Images%20from%20Wiki%20Loves%20Monuments%202022%20in%20Portugal%20-%20Aveiro]],pousada,sem protecção legal
http://www.wikidata.org/entity/Q66812999,Solar da Quinta de Serém,DGPC-73268,Macinhata do Vouga,Águeda,[http://www.patrimoniocultural.gov.pt/pt/patrimonio/patrimonio-imovel/pesquisa-do-patrimonio/classificado-ou-em-vias-de-classificacao/geral/view/73268 DGPC]<br>[http://www.monumentos.gov.pt/Site/APP_PagesUser/SIPA.aspx?id=780 SIPA],,Images from Wiki Loves Monuments 2022 in Portugal - Aveiro,[[Imagem:Camera-photo_Upload.svg|x60px|sub|alt=Carregar foto|link=https://commons.wikimedia.org/wiki/special:uploadWizard?campaign=wlm-pt&id=Q66812999&descriptionlang=pt&description=Solar%20da%20Quinta%20de%20Ser%C3%A9m%20-%20quinta%20em%20%C3%81gueda%2C%20Portugal&categories=Images%20from%20Wiki%20Loves%20Monuments%202022%20in%20Portugal%20-%20Aveiro]],quinta,sem protecção legal
http://www.wikidata.org/entity/Q10276240,Estação arqueológica do Cabeço do Vouga,DGPC-69750,"Trofa, Segadães e Lamas do Vouga",Águeda,[http://www.patrimoniocultural.gov.pt/pt/patrimonio/patrimonio-imovel/pesquisa-do-patrimonio/classificado-ou-em-vias-de-classificacao/geral/view/69750 DGPC]<br>[http://www.monumentos.gov.pt/Site/APP_PagesUser/SIPA.aspx?id=6456 SIPA],Estação arqueológica do Cabeço do Vouga,Images from Wiki Loves Monuments 2022 in Portugal - Aveiro|Estação arqueológica do Cabeço do Vouga,[[Imagem:Camera-photo_Upload.svg|x60px|sub|alt=Carregar foto|link=https://commons.wikimedia.org/wiki/special:uploadWizard?campaign=wlm-pt&id=Q10276240&descriptionlang=pt&description=Esta%C3%A7%C3%A3o%20arqueol%C3%B3gica%20do%20Cabe%C3%A7o%20do%20Vouga%20-%20castro%20em%20%C3%81gueda%2C%20Portugal&categories=Images%20from%20Wiki%20Loves%20Monuments%202022%20in%20Portugal%20-%20Aveiro%7CEsta%C3%A7%C3%A3o%20arqueol%C3%B3gica%20do%20Cabe%C3%A7o%20do%20Vouga]],"sítio arqueológico, castro",Imóvel de Interesse Público
http://www.wikidata.org/entity/Q16892613,Igreja da Trofa,DGPC-71204,"Trofa, Segadães e Lamas do Vouga",Águeda,[http://www.patrimoniocultural.gov.pt/pt/patrimonio/patrimonio-imovel/pesquisa-do-patrimonio/classificado-ou-em-vias-de-classificacao/geral/view/71204 DGPC]<br>[http://www.monumentos.gov.pt/Site/APP_PagesUser/SIPA.aspx?id=1042 SIPA],Igreja da Trofa (Águeda),Images from Wiki Loves Monuments 2022 in Portugal - Aveiro|Igreja da Trofa (Águeda),[[Imagem:Camera-photo_Upload.svg|x60px|sub|alt=Carregar foto|link=https://commons.wikimedia.org/wiki/special:uploadWizard?campaign=wlm-pt&id=Q16892613&descriptionlang=pt&description=Igreja%20da%20Trofa%20-%20igreja%20em%20Trofa%2C%20munic%C3%ADpio%20de%20%C3%81gueda%2C%20Portugal&categories=Images%20from%20Wiki%20Loves%20Monuments%202022%20in%20Portugal%20-%20Aveiro%7CIgreja%20da%20Trofa%20%28%C3%81gueda%29]],igreja,Monumento Nacional
http://www.wikidata.org/entity/Q17390252,Pelourinho de Trofa,DGPC-74435,"Trofa, Segadães e Lamas do Vouga",Águeda,[http://www.patrimoniocultural.gov.pt/pt/patrimonio/patrimonio-imovel/pesquisa-do-patrimonio/classificado-ou-em-vias-de-classificacao/geral/view/74435 DGPC]<br>[http://www.monumentos.gov.pt/Site/APP_PagesUser/SIPA.aspx?id=235 SIPA],,Images from Wiki Loves Monuments 2022 in Portugal - Aveiro,[[Imagem:Camera-photo_Upload.svg|x60px|sub|alt=Carregar foto|link=https://commons.wikimedia.org/wiki/special:uploadWizard?campaign=wlm-pt&id=Q17390252&descriptionlang=pt&description=Pelourinho%20de%20Trofa%20-%20pelourinho%20em%20Trofa%2C%20no%20munic%C3%ADpio%20de%20%C3%81gueda%2C%20Portugal&categories=Images%20from%20Wiki%20Loves%20Monuments%202022%20in%20Portugal%20-%20Aveiro]],pelourinho,Imóvel de Interesse Público
http://www.wikidata.org/entity/Q48854926,Ponte do Cabeço do Vouga,DGPC-74131,"Trofa, Segadães e Lamas do Vouga",Águeda,[http://www.patrimoniocultural.gov.pt/pt/patrimonio/patrimonio-imovel/pesquisa-do-patrimonio/classificado-ou-em-vias-de-classificacao/geral/view/74131 DGPC]<br>[http://www.monumentos.gov.pt/Site/APP_PagesUser/SIPA.aspx?id=5454 SIPA],Ponte do Cabeço do Vouga,Images from Wiki Loves Monuments 2022 in Portugal - Aveiro|Ponte do Cabeço do Vouga,[[Imagem:Camera-photo_Upload.svg|x60px|sub|alt=Carregar foto|link=https://commons.wikimedia.org/wiki/special:uploadWizard?campaign=wlm-pt&id=Q48854926&descriptionlang=pt&description=Ponte%20do%20Cabe%C3%A7o%20do%20Vouga%20-%20ponte%20em%20%C3%81gueda%2C%20Portugal&categories=Images%20from%20Wiki%20Loves%20Monuments%202022%20in%20Portugal%20-%20Aveiro%7CPonte%20do%20Cabe%C3%A7o%20do%20Vouga]],ponte,Imóvel de Interesse Público
http://www.wikidata.org/entity/Q7228159,Ponte do Vouga,DGPC-31315649,"Trofa, Segadães e Lamas do Vouga",Águeda,[http://www.patrimoniocultural.gov.pt/pt/patrimonio/patrimonio-imovel/pesquisa-do-patrimonio/classificado-ou-em-vias-de-classificacao/geral/view/31315649 DGPC]<br>[http://www.monumentos.gov.pt/Site/APP_PagesUser/SIPA.aspx?id=25092 SIPA],Ponte do Vouga,Images from Wiki Loves Monuments 2022 in Portugal - Aveiro|Ponte do Vouga,[[Imagem:Camera-photo_Upload.svg|x60px|sub|alt=Carregar foto|link=https://commons.wikimedia.org/wiki/special:uploadWizard?campaign=wlm-pt&id=Q7228159&descriptionlang=pt&description=Ponte%20do%20Vouga%20-%20ponte%20sobre%20o%20rio%20Vouga%2C%20no%20munic%C3%ADpio%20de%20%C3%81gueda%2C%20Portugal&categories=Images%20from%20Wiki%20Loves%20Monuments%202022%20in%20Portugal%20-%20Aveiro%7CPonte%20do%20Vouga]],ponte,sem protecção legal
http://www.wikidata.org/entity/Q66812997,Casa da Quinta da Aguieira,DGPC-72237,Valongo do Vouga,Águeda,[http://www.patrimoniocultural.gov.pt/pt/patrimonio/patrimonio-imovel/pesquisa-do-patrimonio/classificado-ou-em-vias-de-classificacao/geral/view/72237 DGPC]<br>[http://www.monumentos.gov.pt/Site/APP_PagesUser/SIPA.aspx?id=725 SIPA],,Images from Wiki Loves Monuments 2022 in Portugal - Aveiro,[[Imagem:Camera-photo_Upload.svg|x60px|sub|alt=Carregar foto|link=https://commons.wikimedia.org/wiki/special:uploadWizard?campaign=wlm-pt&id=Q66812997&descriptionlang=pt&description=Casa%20da%20Quinta%20da%20Aguieira%20-%20quinta%20em%20%C3%81gueda%2C%20Portugal&categories=Images%20from%20Wiki%20Loves%20Monuments%202022%20in%20Portugal%20-%20Aveiro]],"quinta, casa",Em estudo
http://www.wikidata.org/entity/Q66812998,Casal de São José,DGPC-72243,Valongo do Vouga,Águeda,[http://www.patrimoniocultural.gov.pt/pt/patrimonio/patrimonio-imovel/pesquisa-do-patrimonio/classificado-ou-em-vias-de-classificacao/geral/view/72243 DGPC],,Images from Wiki Loves Monuments 2022 in Portugal - Aveiro,[[Imagem:Camera-photo_Upload.svg|x60px|sub|alt=Carregar foto|link=https://commons.wikimedia.org/wiki/special:uploadWizard?campaign=wlm-pt&id=Q66812998&descriptionlang=pt&description=Casal%20de%20S%C3%A3o%20Jos%C3%A9%20-%20casal%20em%20%C3%81gueda%2C%20Portugal&categories=Images%20from%20Wiki%20Loves%20Monuments%202022%20in%20Portugal%20-%20Aveiro]],manor house,sem protecção legal
http://www.wikidata.org/entity/Q114223978,"Igreja de São Pedro, matriz de Valongo do Vouga, incluindo o património móvel integrado",DGPC-28549857,Valongo do Vouga,Águeda,[http://www.patrimoniocultural.gov.pt/pt/patrimonio/patrimonio-imovel/pesquisa-do-patrimonio/classificado-ou-em-vias-de-classificacao/geral/view/28549857 DGPC]<br>[http://www.monumentos.gov.pt/Site/APP_PagesUser/SIPA.aspx?id=23421 SIPA],,Images from Wiki Loves Monuments 2022 in Portugal - Aveiro,[[Imagem:Camera-photo_Upload.svg|x60px|sub|alt=Carregar foto|link=https://commons.wikimedia.org/wiki/special:uploadWizard?campaign=wlm-pt&id=Q114223978&descriptionlang=pt&description=Igreja%20de%20S%C3%A3o%20Pedro%2C%20matriz%20de%20Valongo%20do%20Vouga%2C%20incluindo%20o%20patrim%C3%B3nio%20m%C3%B3vel%20integrado%20-%20%C3%81gueda%20-%20Portugal%20-%20-&categories=Images%20from%20Wiki%20Loves%20Monuments%202022%20in%20Portugal%20-%20Aveiro]],igreja,Em vias de classificação
http://www.wikidata.org/entity/Q74473606,Casa da Borralha,DGPC-72238,Águeda e Borralha,Águeda,[http://www.patrimoniocultural.gov.pt/pt/patrimonio/patrimonio-imovel/pesquisa-do-patrimonio/classificado-ou-em-vias-de-classificacao/geral/view/72238 DGPC]<br>[http://www.monumentos.gov.pt/Site/APP_PagesUser/SIPA.aspx?id=244 SIPA],,Images from Wiki Loves Monuments 2022 in Portugal - Aveiro,[[Imagem:Camera-photo_Upload.svg|x60px|sub|alt=Carregar foto|link=https://commons.wikimedia.org/wiki/special:uploadWizard?campaign=wlm-pt&id=Q74473606&descriptionlang=pt&description=Casa%20da%20Borralha&categories=Images%20from%20Wiki%20Loves%20Monuments%202022%20in%20Portugal%20-%20Aveiro]],casa,Monumento de Interesse Público
http://www.wikidata.org/entity/Q98959952,Casa da Carapeteira,DGPC-14885727,Águeda e Borralha,Águeda,[http://www.patrimoniocultural.gov.pt/pt/patrimonio/patrimonio-imovel/pesquisa-do-patrimonio/classificado-ou-em-vias-de-classificacao/geral/view/14885727 DGPC]<br>[http://www.monumentos.gov.pt/Site/APP_PagesUser/SIPA.aspx?id=32214 SIPA],,Images from Wiki Loves Monuments 2022 in Portugal - Aveiro,[[Imagem:Camera-photo_Upload.svg|x60px|sub|alt=Carregar foto|link=https://commons.wikimedia.org/wiki/special:uploadWizard?campaign=wlm-pt&id=Q98959952&descriptionlang=pt&description=Casa%20da%20Carapeteira%20-%20%C3%81gueda%20-%20Portugal%20-%20-&categories=Images%20from%20Wiki%20Loves%20Monuments%202022%20in%20Portugal%20-%20Aveiro]],casa,Monumento de Interesse Municipal
http://www.wikidata.org/entity/Q66812996,Parque de Alta Vila,DGPC-71594,Águeda e Borralha,Águeda,[http://www.patrimoniocultural.gov.pt/pt/patrimonio/patrimonio-imovel/pesquisa-do-patrimonio/classificado-ou-em-vias-de-classificacao/geral/view/71594 DGPC]<br>[http://www.monumentos.gov.pt/Site/APP_PagesUser/SIPA.aspx?id=3911 SIPA],,Images from Wiki Loves Monuments 2022 in Portugal - Aveiro,[[Imagem:Camera-photo_Upload.svg|x60px|sub|alt=Carregar foto|link=https://commons.wikimedia.org/wiki/special:uploadWizard?campaign=wlm-pt&id=Q66812996&descriptionlang=pt&description=Parque%20de%20Alta%20Vila%20-%20parque%20em%20%C3%81gueda%2C%20Portugal&categories=Images%20from%20Wiki%20Loves%20Monuments%202022%20in%20Portugal%20-%20Aveiro]],parque urbano,Imóvel de Interesse Municipal
http://www.wikidata.org/entity/Q10348063,Pelourinho de Assequins,DGPC-73891,Águeda e Borralha,Águeda,[http://www.patrimoniocultural.gov.pt/pt/patrimonio/patrimonio-imovel/pesquisa-do-patrimonio/classificado-ou-em-vias-de-classificacao/geral/view/73891 DGPC]<br>[http://www.monumentos.gov.pt/Site/APP_PagesUser/SIPA.aspx?id=5616 SIPA],,Images from Wiki Loves Monuments 2022 in Portugal - Aveiro,[[Imagem:Camera-photo_Upload.svg|x60px|sub|alt=Carregar foto|link=https://commons.wikimedia.org/wiki/special:uploadWizard?campaign=wlm-pt&id=Q10348063&descriptionlang=pt&description=Pelourinho%20de%20Assequins%20-%20pelourinho%20em%20%C3%81gueda%2C%20Portugal&categories=Images%20from%20Wiki%20Loves%20Monuments%202022%20in%20Portugal%20-%20Aveiro]],pelourinho,Imóvel de Interesse Público
http://www.wikidata.org/entity/Q66813046,Palheiro de José Estêvão,DGPC-72153,Gafanha da Encarnação,Ílhavo,[http://www.patrimoniocultural.gov.pt/pt/patrimonio/patrimonio-imovel/pesquisa-do-patrimonio/classificado-ou-em-vias-de-classificacao/geral/view/72153 DGPC]<br>[http://www.monumentos.gov.pt/Site/APP_PagesUser/SIPA.aspx?id=640 SIPA],Palheiro de José Estêvão,Images from Wiki Loves Monuments 2022 in Portugal - Aveiro|Palheiro de José Estêvão,[[Imagem:Camera-photo_Upload.svg|x60px|sub|alt=Carregar foto|link=https://commons.wikimedia.org/wiki/special:uploadWizard?campaign=wlm-pt&id=Q66813046&descriptionlang=pt&description=Palheiro%20de%20Jos%C3%A9%20Est%C3%AAv%C3%A3o%20-%20palheiro%20em%20%C3%8Dlhavo%2C%20Portugal&categories=Images%20from%20Wiki%20Loves%20Monuments%202022%20in%20Portugal%20-%20Aveiro%7CPalheiro%20de%20Jos%C3%A9%20Est%C3%AAv%C3%A3o]],cabana,sem protecção legal
http://www.wikidata.org/entity/Q94841741,Edifício da Jarba e Oficinas,DGPC-27758756,Gafanha da Nazaré,Ílhavo,[http://www.patrimoniocultural.gov.pt/pt/patrimonio/patrimonio-imovel/pesquisa-do-patrimonio/classificado-ou-em-vias-de-classificacao/geral/view/27758756 DGPC]<br>[http://www.monumentos.gov.pt/Site/APP_PagesUser/SIPA.aspx?id=36324 SIPA],,Images from Wiki Loves Monuments 2022 in Portugal - Aveiro,[[Imagem:Camera-photo_Upload.svg|x60px|sub|alt=Carregar foto|link=https://commons.wikimedia.org/wiki/special:uploadWizard?campaign=wlm-pt&id=Q94841741&descriptionlang=pt&description=Edif%C3%ADcio%20da%20Jarba%20e%20Oficinas%20-%20%C3%8Dlhavo%20-%20Portugal%20-%20-&categories=Images%20from%20Wiki%20Loves%20Monuments%202022%20in%20Portugal%20-%20Aveiro]],edifício,Conjunto de Interesse Municipal
http://www.wikidata.org/entity/Q3134299,Farol de Aveiro,SIPA-17447,Gafanha da Nazaré,Ílhavo,[http://www.monumentos.gov.pt/Site/APP_PagesUser/SIPA.aspx?id=17447 SIPA],Aveiro Lighthouse,Images from Wiki Loves Monuments 2022 in Portugal - Aveiro|Aveiro Lighthouse,[[Imagem:Camera-photo_Upload.svg|x60px|sub|alt=Carregar foto|link=https://commons.wikimedia.org/wiki/special:uploadWizard?campaign=wlm-pt&id=Q3134299&descriptionlang=pt&description=Farol%20de%20Aveiro%20-%20farol%20na%20Gafanha%20da%20Nazar%C3%A9%2C%20Portugal&categories=Images%20from%20Wiki%20Loves%20Monuments%202022%20in%20Portugal%20-%20Aveiro%7CAveiro%20Lighthouse]],farol,Em estudo
http://www.wikidata.org/entity/Q10283699,Forte da Barra de Aveiro,DGPC-73440,Gafanha da Nazaré,Ílhavo,[http://www.patrimoniocultural.gov.pt/pt/patrimonio/patrimonio-imovel/pesquisa-do-patrimonio/classificado-ou-em-vias-de-classificacao/geral/view/73440 DGPC]<br>[http://www.monumentos.gov.pt/Site/APP_PagesUser/SIPA.aspx?id=722 SIPA],Forte da Barra de Aveiro,Images from Wiki Loves Monuments 2022 in Portugal - Aveiro|Forte da Barra de Aveiro,[[Imagem:Camera-photo_Upload.svg|x60px|sub|alt=Carregar foto|link=https://commons.wikimedia.org/wiki/special:uploadWizard?campaign=wlm-pt&id=Q10283699&descriptionlang=pt&description=Forte%20da%20Barra%20de%20Aveiro%20-%20forte%20na%20Gafanha%20da%20Nazar%C3%A9%2C%20Portugal&categories=Images%20from%20Wiki%20Loves%20Monuments%202022%20in%20Portugal%20-%20Aveiro%7CForte%20da%20Barra%20de%20Aveiro]],forte,Imóvel de Interesse Público
http://www.wikidata.org/entity/Q39713789,Capela da Vista Alegre,DGPC-70176,São Salvador,Ílhavo,[http://www.patrimoniocultural.gov.pt/pt/patrimonio/patrimonio-imovel/pesquisa-do-patrimonio/classificado-ou-em-vias-de-classificacao/geral/view/70176 DGPC]<br>[http://www.monumentos.gov.pt/Site/APP_PagesUser/SIPA.aspx?id=653 SIPA],Capela da Vista Alegre,Images from Wiki Loves Monuments 2022 in Portugal - Aveiro|Capela da Vista Alegre,[[Imagem:Camera-photo_Upload.svg|x60px|sub|alt=Carregar foto|link=https://commons.wikimedia.org/wiki/special:uploadWizard?campaign=wlm-pt&id=Q39713789&descriptionlang=pt&description=Capela%20da%20Vista%20Alegre&categories=Images%20from%20Wiki%20Loves%20Monuments%202022%20in%20Portugal%20-%20Aveiro%7CCapela%20da%20Vista%20Alegre]],capela,Monumento Nacional
http://www.wikidata.org/entity/Q105849031,Capela de Nossa Senhora do Pranto,SIPA-8642,São Salvador,Ílhavo,[http://www.monumentos.gov.pt/Site/APP_PagesUser/SIPA.aspx?id=8642 SIPA],,Images from Wiki Loves Monuments 2022 in Portugal - Aveiro,[[Imagem:Camera-photo_Upload.svg|x60px|sub|alt=Carregar foto|link=https://commons.wikimedia.org/wiki/special:uploadWizard?campaign=wlm-pt&id=Q105849031&descriptionlang=pt&description=Capela%20de%20Nossa%20Senhora%20do%20Pranto&categories=Images%20from%20Wiki%20Loves%20Monuments%202022%20in%20Portugal%20-%20Aveiro]],capela,Em estudo
http://www.wikidata.org/entity/Q105853605,Casa dos Maia,SIPA-26422,São Salvador,Ílhavo,[http://www.monumentos.gov.pt/Site/APP_PagesUser/SIPA.aspx?id=26422 SIPA],,Images from Wiki Loves Monuments 2022 in Portugal - Aveiro,[[Imagem:Camera-photo_Upload.svg|x60px|sub|alt=Carregar foto|link=https://commons.wikimedia.org/wiki/special:uploadWizard?campaign=wlm-pt&id=Q105853605&descriptionlang=pt&description=Casa%20dos%20Maia&categories=Images%20from%20Wiki%20Loves%20Monuments%202022%20in%20Portugal%20-%20Aveiro]],casa,Em estudo
http://www.wikidata.org/entity/Q74473650,Casa na Rua do Cabecinho,DGPC-12518750,São Salvador,Ílhavo,[http://www.patrimoniocultural.gov.pt/pt/patrimonio/patrimonio-imovel/pesquisa-do-patrimonio/classificado-ou-em-vias-de-classificacao/geral/view/12518750 DGPC]<br>[http://www.monumentos.gov.pt/Site/APP_PagesUser/SIPA.aspx?id=33753 SIPA],,Images from Wiki Loves Monuments 2022 in Portugal - Aveiro,[[Imagem:Camera-photo_Upload.svg|x60px|sub|alt=Carregar foto|link=https://commons.wikimedia.org/wiki/special:uploadWizard?campaign=wlm-pt&id=Q74473650&descriptionlang=pt&description=Casa%20na%20Rua%20do%20Cabecinho&categories=Images%20from%20Wiki%20Loves%20Monuments%202022%20in%20Portugal%20-%20Aveiro]],casa,Monumento de Interesse Público
http://www.wikidata.org/entity/Q445864,Fábrica de Porcelanas Vista Alegre,SIPA-8631,São Salvador,Ílhavo,[http://www.monumentos.gov.pt/Site/APP_PagesUser/SIPA.aspx?id=8631 SIPA],Fábrica de Porcelanas Vista Alegre,Images from Wiki Loves Monuments 2022 in Portugal - Aveiro|Fábrica de Porcelanas Vista Alegre,[[Imagem:Camera-photo_Upload.svg|x60px|sub|alt=Carregar foto|link=https://commons.wikimedia.org/wiki/special:uploadWizard?campaign=wlm-pt&id=Q445864&descriptionlang=pt&description=F%C3%A1brica%20de%20Porcelanas%20Vista%20Alegre%20-%20Museu%20em%20S%C3%A3o%20Salvador%2C%20Portugal&categories=Images%20from%20Wiki%20Loves%20Monuments%202022%20in%20Portugal%20-%20Aveiro%7CF%C3%A1brica%20de%20Porcelanas%20Vista%20Alegre]],"empresa, fábrica, museu","Em estudo, Incluído em sítio classificado"
http://www.wikidata.org/entity/Q76184803,Igreja Paroquial de São Salvador de Ílhavo,SIPA-8641,São Salvador,Ílhavo,[http://www.monumentos.gov.pt/Site/APP_PagesUser/SIPA.aspx?id=8641 SIPA],Igreja Paroquial de São Salvador de Ílhavo,Images from Wiki Loves Monuments 2022 in Portugal - Aveiro|Igreja Paroquial de São Salvador de Ílhavo,[[Imagem:Camera-photo_Upload.svg|x60px|sub|alt=Carregar foto|link=https://commons.wikimedia.org/wiki/special:uploadWizard?campaign=wlm-pt&id=Q76184803&descriptionlang=pt&description=Igreja%20Paroquial%20de%20S%C3%A3o%20Salvador%20de%20%C3%8Dlhavo%20-%20igreja%20em%20%C3%8Dlhavo&categories=Images%20from%20Wiki%20Loves%20Monuments%202022%20in%20Portugal%20-%20Aveiro%7CIgreja%20Paroquial%20de%20S%C3%A3o%20Salvador%20de%20%C3%8Dlhavo]],igreja,Em estudo
http://www.wikidata.org/entity/Q66813047,Solar do Visconde de Almeidinha,DGPC-72209,São Salvador,Ílhavo,[http://www.patrimoniocultural.gov.pt/pt/patrimonio/patrimonio-imovel/pesquisa-do-patrimonio/classificado-ou-em-vias-de-classificacao/geral/view/72209 DGPC]<br>[http://www.monumentos.gov.pt/Site/APP_PagesUser/SIPA.aspx?id=3976 SIPA],Solar de Nossa Senhora das Neves,Images from Wiki Loves Monuments 2022 in Portugal - Aveiro|Solar de Nossa Senhora das Neves,[[Imagem:Camera-photo_Upload.svg|x60px|sub|alt=Carregar foto|link=https://commons.wikimedia.org/wiki/special:uploadWizard?campaign=wlm-pt&id=Q66813047&descriptionlang=pt&description=Solar%20do%20Visconde%20de%20Almeidinha%20-%20solar%20em%20%C3%8Dlhavo%2C%20Portugal&categories=Images%20from%20Wiki%20Loves%20Monuments%202022%20in%20Portugal%20-%20Aveiro%7CSolar%20de%20Nossa%20Senhora%20das%20Neves]],solar,sem protecção legal
http://www.wikidata.org/entity/Q66813048,Vila Africana,DGPC-3921293,São Salvador,Ílhavo,[http://www.patrimoniocultural.gov.pt/pt/patrimonio/patrimonio-imovel/pesquisa-do-patrimonio/classificado-ou-em-vias-de-classificacao/geral/view/3921293 DGPC]<br>[http://www.monumentos.gov.pt/Site/APP_PagesUser/SIPA.aspx?id=8632 SIPA],Vila Africana,Images from Wiki Loves Monuments 2022 in Portugal - Aveiro|Vila Africana,[[Imagem:Camera-photo_Upload.svg|x60px|sub|alt=Carregar foto|link=https://commons.wikimedia.org/wiki/special:uploadWizard?campaign=wlm-pt&id=Q66813048&descriptionlang=pt&description=Vila%20Africana%20-%20edif%C3%ADcio%20em%20%C3%8Dlhavo%2C%20Portugal&categories=Images%20from%20Wiki%20Loves%20Monuments%202022%20in%20Portugal%20-%20Aveiro%7CVila%20Africana]],edifício,Monumento de Interesse Público
http://www.wikidata.org/entity/Q98444779,"Árvore isolada em Ermida, Quinta do Paço",ICNF-KNJ1/239,São Salvador,Ílhavo,,,Images from Wiki Loves Monuments 2022 in Portugal - Aveiro,[[Imagem:Camera-photo_Upload.svg|x60px|sub|alt=Carregar foto|link=https://commons.wikimedia.org/wiki/special:uploadWizard?campaign=wlm-pt&id=Q98444779&descriptionlang=pt&description=%C3%81rvore%20isolada%20em%20Ermida%2C%20Quinta%20do%20Pa%C3%A7o%20-%20arauc%C3%A1ria-de-norfolk%20em%20Ermida%2C%20Quinta%20do%20Pa%C3%A7o&categories=Images%20from%20Wiki%20Loves%20Monuments%202022%20in%20Portugal%20-%20Aveiro]],Árvore de Interesse Público,
http://www.wikidata.org/entity/Q98444776,Árvore isolada em Vista Alegre,ICNFAIP01100856I,São Salvador,Ílhavo,,,Images from Wiki Loves Monuments 2022 in Portugal - Aveiro,[[Imagem:Camera-photo_Upload.svg|x60px|sub|alt=Carregar foto|link=https://commons.wikimedia.org/wiki/special:uploadWizard?campaign=wlm-pt&id=Q98444776&descriptionlang=pt&description=%C3%81rvore%20isolada%20em%20Vista%20Alegre%20-%20bela-sombra%20em%20Vista%20Alegre&categories=Images%20from%20Wiki%20Loves%20Monuments%202022%20in%20Portugal%20-%20Aveiro]],Árvore de Interesse Público,
http://www.wikidata.org/entity/Q10280188,Farol do Forte da Barra,DGPC-73440,Ílhavo,Ílhavo,[http://www.patrimoniocultural.gov.pt/pt/patrimonio/patrimonio-imovel/pesquisa-do-patrimonio/classificado-ou-em-vias-de-classificacao/geral/view/73440 DGPC]<br>[http://www.monumentos.gov.pt/Site/APP_PagesUser/SIPA.aspx?id=722 SIPA],Forte da Barra Lighthouse,Images from Wiki Loves Monuments 2022 in Portugal - Aveiro|Forte da Barra Lighthouse,[[Imagem:Camera-photo_Upload.svg|x60px|sub|alt=Carregar foto|link=https://commons.wikimedia.org/wiki/special:uploadWizard?campaign=wlm-pt&id=Q10280188&descriptionlang=pt&description=Farol%20do%20Forte%20da%20Barra%20-%20farol%20na%20Gafanha%20da%20Nazar%C3%A9%2C%20Portugal&categories=Images%20from%20Wiki%20Loves%20Monuments%202022%20in%20Portugal%20-%20Aveiro%7CForte%20da%20Barra%20Lighthouse]],farolim posterior,Imóvel de Interesse Público
